Date,convexity,pnl
2005-12-08,,0.0
2005-12-09,,0.0
2005-12-12,,0.0
2005-12-13,,0.0
2005-12-14,,0.0
2005-12-15,,0.0
2005-12-16,,0.0
2005-12-19,,0.0
2005-12-20,,0.0
2005-12-21,,0.0
2005-12-22,,0.0
2005-12-23,,0.0
2005-12-27,,0.0
2005-12-28,,0.0
2005-12-29,,0.0
2005-12-30,,0.0
2006-01-03,0.0868344125752,0.0
2006-01-04,0.086415090773,0.0
2006-01-05,0.111120210897,0.0
2006-01-06,0.125909880875,0.0
2006-01-09,0.12866398974,0.0
2006-01-10,0.123585883285,0.0
2006-01-11,0.0949177071086,0.0
2006-01-12,,0.0
2006-01-13,,0.0
2006-01-17,,0.0
2006-01-18,,0.0
2006-01-19,0.139959538764,0.0
2006-01-20,0.139691820415,0.0
2006-01-23,0.175325588307,0.0
2006-01-24,0.172527250729,0.0
2006-01-25,0.178028032031,0.0
2006-01-26,0.221824847912,0.0
2006-01-27,0.238556620036,0.0
2006-01-30,0.233723769738,0.0
2006-01-31,0.24275580988,0.0
2006-02-01,0.111923604402,0.0
2006-02-02,0.118199841043,0.0
2006-02-03,0.116975436332,0.0
2006-02-06,0.106777308501,0.0
2006-02-07,0.128949205812,0.0
2006-02-08,0.123200301205,0.0
2006-02-09,0.127299518078,0.0
2006-02-10,0.151819354835,0.0
2006-02-13,,0.0
2006-02-14,,0.0
2006-02-15,,0.0
2006-02-16,,0.0
2006-02-17,0.299302749521,0.0
2006-02-21,0.280244410924,0.0
2006-02-22,0.344379519832,0.0
2006-02-23,0.445320215081,0.0
2006-02-24,0.359332408632,0.0
2006-02-27,0.384535052364,0.0
2006-02-28,0.472527369546,0.0
2006-03-01,0.198204982569,0.0
2006-03-02,0.181890106317,-100.0
2006-03-03,0.154481121565,-230.0
2006-03-06,0.149130252715,-340.0
2006-03-07,0.124173469942,-640.0
2006-03-08,0.157128588068,-340.0
2006-03-09,0.193440366245,-240.0
2006-03-10,0.189313547225,-280.0
2006-03-13,0.164935023664,-400.0
2006-03-14,,-400.0
2006-03-15,,-400.0
2006-03-16,,-400.0
2006-03-17,,-400.0
2006-03-20,0.308582150982,-400.0
2006-03-21,0.367724933596,-20.0
2006-03-22,0.357905495824,-100.0
2006-03-23,0.280806918449,-650.0
2006-03-24,0.281337067741,-890.0
2006-03-27,0.311023663221,-750.0
2006-03-28,0.26513549009,-1100.0
2006-03-29,0.341484432941,-960.0
2006-03-30,0.426029693007,-760.0
2006-03-31,0.462066373583,-480.0
2006-04-03,0.205752361468,-480.0
2006-04-04,0.224290860327,-260.0
2006-04-05,0.215997171041,-380.0
2006-04-06,0.157361961359,-640.0
2006-04-07,0.191999321753,-380.0
2006-04-10,0.213021994657,-370.0
2006-04-11,0.232290033299,-260.0
2006-04-12,,-260.0
2006-04-13,,-260.0
2006-04-17,,-260.0
2006-04-18,,-260.0
2006-04-19,0.368659461756,-260.0
2006-04-20,0.353671315326,-250.0
2006-04-21,0.350467165959,-130.0
2006-04-24,0.456198537462,570.0
2006-04-25,0.580262175835,1300.0
2006-04-26,0.543604745995,1300.0
2006-04-27,0.501979432201,1330.0
2006-04-28,0.540302937246,1330.0
2006-05-01,0.166476019899,1330.0
2006-05-02,0.157004208262,1170.0
2006-05-03,0.1958128178,1530.0
2006-05-04,0.216619228129,1890.0
2006-05-05,0.213189285476,2020.0
2006-05-08,0.198662205045,2180.0
2006-05-09,0.196463929346,2240.0
2006-05-10,0.189631036984,2190.0
2006-05-11,0.160628664926,1890.0
2006-05-12,0.151531148976,1920.0
2006-05-15,,1920.0
2006-05-16,,1920.0
2006-05-17,,1920.0
2006-05-18,,1920.0
2006-05-19,0.169342082723,1920.0
2006-05-22,0.150827564222,1730.0
2006-05-23,0.14498983171,1410.0
2006-05-24,0.160377369142,1360.0
2006-05-25,0.174254535709,1290.0
2006-05-26,0.192507446672,1300.0
2006-05-30,0.218206098548,1210.0
2006-05-31,0.257057429673,1570.0
2006-06-01,0.0854065178319,1570.0
2006-06-02,0.0647592188853,1540.0
2006-06-05,0.0786557430164,1720.0
2006-06-06,0.0861364318888,1850.0
2006-06-07,0.117509044113,2160.0
2006-06-08,0.131869525177,2300.0
2006-06-09,0.133973208037,2120.0
2006-06-12,0.132674777605,2060.0
2006-06-13,,2060.0
2006-06-14,,2060.0
2006-06-15,,2060.0
2006-06-16,,2060.0
2006-06-19,0.163619270957,2060.0
2006-06-20,0.147450372216,1910.0
2006-06-21,0.162547823247,1880.0
2006-06-22,0.236611703222,2160.0
2006-06-23,0.244645399185,2250.0
2006-06-26,0.257744427905,2320.0
2006-06-27,0.236445940359,2210.0
2006-06-28,0.257810807152,2300.0
2006-06-29,0.286737534877,2120.0
2006-06-30,0.258706519097,2030.0
2006-07-03,0.129989256434,2030.0
2006-07-05,0.139633799123,2140.0
2006-07-06,0.138692550938,2150.0
2006-07-07,0.152922497763,2360.0
2006-07-10,0.142923719063,2360.0
2006-07-11,0.136338030591,2260.0
2006-07-12,0.125869810139,2180.0
2006-07-13,,2180.0
2006-07-14,,2180.0
2006-07-17,,2180.0
2006-07-18,,2180.0
2006-07-19,0.350342350099,2180.0
2006-07-20,0.328911390389,2070.0
2006-07-21,0.321491648669,2140.0
2006-07-24,0.330736194537,2210.0
2006-07-25,0.33563284978,2330.0
2006-07-26,0.357350069623,2590.0
2006-07-27,0.389062561198,2850.0
2006-07-28,0.371514377536,2910.0
2006-07-31,0.411660063197,3050.0
2006-08-01,0.163588543369,3050.0
2006-08-02,0.139628598176,2820.0
2006-08-03,0.160300888949,2950.0
2006-08-04,0.175132205028,3170.0
2006-08-07,0.162398861408,2880.0
2006-08-08,0.158080304412,2700.0
2006-08-09,0.166177562563,2630.0
2006-08-10,0.197583481206,3050.0
2006-08-11,0.200613013074,3130.0
2006-08-14,0.194416404671,3270.0
2006-08-15,,3270.0
2006-08-16,,3270.0
2006-08-17,,3270.0
2006-08-18,,3270.0
2006-08-21,0.258108765305,3270.0
2006-08-22,0.261700791428,3330.0
2006-08-23,0.293377716314,3720.0
2006-08-24,0.240514177658,3440.0
2006-08-25,0.229997277047,3320.0
2006-08-28,0.289025866533,3870.0
2006-08-29,0.28843715657,4120.0
2006-08-30,0.254294646036,3930.0
2006-08-31,0.3032170538,4070.0
2006-09-01,0.128782896763,4070.0
2006-09-05,0.129348603288,4210.0
2006-09-06,0.132549788777,4260.0
2006-09-07,0.142789312412,4320.0
2006-09-08,0.142072130601,4390.0
2006-09-11,0.131913542036,4350.0
2006-09-12,0.15614868368,4410.0
2006-09-13,,4410.0
2006-09-14,,4410.0
2006-09-15,,4410.0
2006-09-18,,4410.0
2006-09-19,0.204949458096,4410.0
2006-09-20,0.156900240293,4330.0
2006-09-21,0.153069328229,3980.0
2006-09-22,0.169230660179,4130.0
2006-09-25,0.141972420362,3810.0
2006-09-26,0.158701496495,3790.0
2006-09-27,0.165533219274,3740.0
2006-09-28,0.197822692764,4050.0
2006-09-29,0.266359263465,4480.0
2006-10-02,0.102322449075,4480.0
2006-10-03,0.102722885739,4740.0
2006-10-04,0.0949097598688,4510.0
2006-10-05,0.098846253743,4370.0
2006-10-06,0.111426880428,4400.0
2006-10-09,0.13197408082,4360.0
2006-10-10,0.166420057687,4760.0
2006-10-11,0.173090306132,5000.0
2006-10-12,0.187725826623,5170.0
2006-10-13,,5170.0
2006-10-16,,5170.0
2006-10-17,,5170.0
2006-10-18,,5170.0
2006-10-19,0.278457795514,5170.0
2006-10-20,0.360639256503,5680.0
2006-10-23,0.384229059957,5840.0
2006-10-24,0.400886701766,5840.0
2006-10-25,0.39404301078,5670.0
2006-10-26,0.3810657001,5630.0
2006-10-27,0.430083318979,5930.0
2006-10-30,0.450076830442,6310.0
2006-10-31,0.451304511028,6360.0
2006-11-01,0.18434009318,6360.0
2006-11-02,0.174344763683,6360.0
2006-11-03,0.163173688266,6260.0
2006-11-06,0.166842559876,6300.0
2006-11-07,0.167501266261,6220.0
2006-11-08,0.17415744446,6140.0
2006-11-09,0.201558301184,6090.0
2006-11-10,,6090.0
2006-11-13,,6090.0
2006-11-14,,6090.0
2006-11-15,,6090.0
2006-11-16,0.355902873426,6090.0
2006-11-17,0.362163092885,6270.0
2006-11-20,0.312034037784,6340.0
2006-11-21,0.272744674427,6030.0
2006-11-22,0.313833627492,6280.0
2006-11-24,0.313833627492,6280.0
2006-11-27,0.273099567819,5870.0
2006-11-28,0.305418183923,5570.0
2006-11-29,0.302463292137,5400.0
2006-11-30,0.365594764047,5480.0
2006-12-01,0.201737804296,5480.0
2006-12-04,0.21772356523,5680.0
2006-12-05,0.199634679544,5570.0
2006-12-06,0.178645292673,5470.0
2006-12-07,0.126067856357,5210.0
2006-12-08,0.124870918435,5090.0
2006-12-11,0.161557273751,5260.0
2006-12-12,,5260.0
2006-12-13,,5260.0
2006-12-14,,5260.0
2006-12-15,,5260.0
2006-12-18,0.178984955958,5260.0
2006-12-19,0.182362225585,5270.0
2006-12-20,0.259878787599,5840.0
2006-12-21,0.286555001014,6220.0
2006-12-22,0.281645070381,6240.0
2006-12-26,0.273889734826,6370.0
2006-12-27,0.302301915448,6390.0
2006-12-28,0.312121774101,6350.0
2006-12-29,0.342729487188,6490.0
2007-01-02,0.132834035935,6490.0
2007-01-03,0.140195987273,6600.0
2007-01-04,0.135891438044,6810.0
2007-01-05,0.119458849781,6980.0
2007-01-08,0.131983133838,7140.0
2007-01-09,0.126447752309,7280.0
2007-01-10,0.0876686394137,7040.0
2007-01-11,0.0726496161881,6430.0
2007-01-12,,6430.0
2007-01-16,,6430.0
2007-01-17,,6430.0
2007-01-18,,6430.0
2007-01-19,0.175668087848,6430.0
2007-01-22,0.17630450477,6720.0
2007-01-23,0.155541048158,6370.0
2007-01-24,0.131948870653,6250.0
2007-01-25,0.167380733308,6450.0
2007-01-26,0.148765939474,6320.0
2007-01-29,0.120350905351,6280.0
2007-01-30,0.0965810700338,6080.0
2007-01-31,0.10668948995,6130.0
2007-02-01,0.0652333853844,6130.0
2007-02-02,0.0710350909193,6170.0
2007-02-05,0.0885383410323,6270.0
2007-02-06,0.0506795192542,6040.0
2007-02-07,0.0591707080439,5940.0
2007-02-08,0.0691690825333,5940.0
2007-02-09,0.0750695397038,5960.0
2007-02-12,,5960.0
2007-02-13,,5960.0
2007-02-14,,5960.0
2007-02-15,,5960.0
2007-02-16,0.10331972004,5960.0
2007-02-20,0.159973748746,6250.0
2007-02-21,0.164970953521,6350.0
2007-02-22,0.266598215492,6950.0
2007-02-23,0.308228335759,7480.0
2007-02-26,0.273246174262,7350.0
2007-02-27,0.276579349086,7330.0
2007-02-28,0.30822885722,7470.0
2007-03-01,0.132147497404,7470.0
2007-03-02,0.124022753934,7310.0
2007-03-05,0.139090640732,7400.0
2007-03-06,0.15814132793,7470.0
2007-03-07,0.169068213339,7380.0
2007-03-08,0.188149796853,7490.0
2007-03-09,0.200302058752,7690.0
2007-03-12,0.237452564677,7900.0
2007-03-13,,7900.0
2007-03-14,,7900.0
2007-03-15,,7900.0
2007-03-16,,7900.0
2007-03-19,0.363828685491,7900.0
2007-03-20,0.367114778328,7940.0
2007-03-21,0.4135441881,8130.0
2007-03-22,0.353969989976,7780.0
2007-03-23,0.334239369702,7550.0
2007-03-26,0.498570354888,8080.0
2007-03-27,0.528131502465,8440.0
2007-03-28,0.491823750955,8150.0
2007-03-29,0.371330282122,7170.0
2007-03-30,0.511076967273,7360.0
2007-04-02,0.210645964116,7360.0
2007-04-03,0.213980969084,7930.0
2007-04-04,0.24497432557,8420.0
2007-04-05,0.284571231207,8570.0
2007-04-09,0.428455463055,9300.0
2007-04-10,0.406789051299,9380.0
2007-04-11,0.368964439127,9170.0
2007-04-12,0.356313778732,8760.0
2007-04-13,,8760.0
2007-04-16,,8760.0
2007-04-17,,8760.0
2007-04-18,,8760.0
2007-04-19,0.444777299574,8760.0
2007-04-20,0.384847388352,8510.0
2007-04-23,0.331770918105,8290.0
2007-04-24,0.372666454551,8430.0
2007-04-25,0.396769175069,8550.0
2007-04-26,0.380431348558,8600.0
2007-04-27,0.399842715284,8510.0
2007-04-30,0.441186850588,8720.0
2007-05-01,0.203299248408,8720.0
2007-05-02,0.208839230381,8890.0
2007-05-03,0.227278696989,9030.0
2007-05-04,0.237322664315,9360.0
2007-05-07,0.194830859379,9200.0
2007-05-08,0.180135065532,8980.0
2007-05-09,0.218694874148,9160.0
2007-05-10,0.223851845496,9210.0
2007-05-11,0.204445486813,9080.0
2007-05-14,0.205158777208,8990.0
2007-05-15,,8990.0
2007-05-16,,8990.0
2007-05-17,,8990.0
2007-05-18,,8990.0
2007-05-21,0.243908539614,8990.0
2007-05-22,0.241456910563,9060.0
2007-05-23,0.300842290212,9410.0
2007-05-24,0.353061923039,10100.0
2007-05-25,0.322799650623,9680.0
2007-05-29,0.255708579617,9720.0
2007-05-30,0.231633292109,9490.0
2007-05-31,0.168464226605,9180.0
2007-06-01,0.0925841199512,9180.0
2007-06-04,0.106179545433,9080.0
2007-06-05,0.120458646872,9250.0
2007-06-06,0.104581408816,9180.0
2007-06-07,0.0931411936691,9020.0
2007-06-08,0.0825863792306,9180.0
2007-06-11,0.0914245544986,9190.0
2007-06-12,0.0940264000587,9340.0
2007-06-13,,9340.0
2007-06-14,,9340.0
2007-06-15,,9340.0
2007-06-18,,9340.0
2007-06-19,0.140845152835,9340.0
2007-06-20,0.114126177633,9350.0
2007-06-21,0.0833472716341,9190.0
2007-06-22,0.118406678521,9480.0
2007-06-25,0.0766900122458,9490.0
2007-06-26,0.0346873675662,9250.0
2007-06-27,0.0194915513915,8380.0
2007-06-28,0.0470853814115,7910.0
2007-06-29,0.0114236149794,8030.0
2007-07-02,-0.0126887743863,8030.0
2007-07-03,-0.00966365260154,8000.0
2007-07-05,-0.0235122961349,7820.0
2007-07-06,-0.0470420126543,7260.0
2007-07-09,-0.000436970618024,7730.0
2007-07-10,-0.00737809850789,7660.0
2007-07-11,-0.0103024738649,7570.0
2007-07-12,-0.0182520428402,7510.0
2007-07-13,,7510.0
2007-07-16,,7510.0
2007-07-17,,7510.0
2007-07-18,,7510.0
2007-07-19,-0.0324224706248,7510.0
2007-07-20,0.00909049495693,7650.0
2007-07-23,0.0392849025397,8130.0
2007-07-24,-0.0196750975286,8380.0
2007-07-25,-0.0973107654009,7520.0
2007-07-26,-0.118130187942,7290.0
2007-07-27,-0.181723639767,6340.0
2007-07-30,-0.120408191771,6000.0
2007-07-31,-0.0876851306148,5790.0
2007-08-01,-0.0272229384211,5790.0
2007-08-02,-0.0369639337118,5810.0
2007-08-03,-0.0293855555827,6320.0
2007-08-06,-0.0442247179606,6720.0
2007-08-07,-0.0356119652279,6690.0
2007-08-08,-0.0420308638471,6580.0
2007-08-09,-0.032225013306,6720.0
2007-08-10,-0.0192574993614,6640.0
2007-08-13,-0.0457065525903,6140.0
2007-08-14,,6140.0
2007-08-15,,6140.0
2007-08-16,,6140.0
2007-08-17,,6140.0
2007-08-20,-0.0548666443038,6140.0
2007-08-21,-0.0451838185348,6450.0
2007-08-22,-0.0563711446349,6560.0
2007-08-23,-0.0749652393636,6500.0
2007-08-24,-0.128283429905,6120.0
2007-08-27,-0.191554012901,5750.0
2007-08-28,-0.187292392713,5580.0
2007-08-29,-0.210585148551,4820.0
2007-08-30,-0.21973961574,4630.0
2007-08-31,-0.19987340408,4600.0
2007-09-04,-0.204206418968,4600.0
2007-09-05,-0.258974509386,3970.0
2007-09-06,-0.260973865963,3970.0
2007-09-07,-0.241880953255,4140.0
2007-09-10,-0.277215407109,3950.0
2007-09-11,-0.299208236987,3950.0
2007-09-12,-0.286309328972,3780.0
2007-09-13,,3780.0
2007-09-14,,3780.0
2007-09-17,,3780.0
2007-09-18,,3780.0
2007-09-19,-0.256001770236,3780.0
2007-09-20,-0.262269014674,3900.0
2007-09-21,-0.228553596861,4520.0
2007-09-24,-0.179997239096,5090.0
2007-09-25,-0.248853262604,4930.0
2007-09-26,-0.449042764397,3850.0
2007-09-27,-0.38463022635,3170.0
2007-09-28,-0.302785369784,3740.0
2007-10-01,-0.0648586172657,3740.0
2007-10-02,-0.0993815495357,3570.0
2007-10-03,-0.111925279421,3470.0
2007-10-04,-0.0788219136231,3600.0
2007-10-05,-0.064054435514,3960.0
2007-10-08,-0.050429992332,4330.0
2007-10-09,-0.0883751379718,4120.0
2007-10-10,-0.0615073091901,4060.0
2007-10-11,-0.0476833080884,3590.0
2007-10-12,-0.0493590067906,3430.0
2007-10-15,,3430.0
2007-10-16,,3430.0
2007-10-17,,3430.0
2007-10-18,,3430.0
2007-10-19,-0.176869965988,3430.0
2007-10-22,-0.0936150784167,3970.0
2007-10-23,-0.129401470321,4220.0
2007-10-24,-0.181542786371,3850.0
2007-10-25,-0.216857581821,2910.0
2007-10-26,-0.158294062701,2830.0
2007-10-29,-0.0782525520559,3330.0
2007-10-30,-0.0429939616897,3770.0
2007-10-31,-0.190844425368,2590.0
2007-11-01,-0.0693835925589,2590.0
2007-11-02,-0.0616533152638,2360.0
2007-11-05,-0.0150737483157,2800.0
2007-11-06,-0.00863143733823,2660.0
2007-11-07,0.00693436870624,3110.0
2007-11-08,-0.018011330538,3410.0
2007-11-09,,3410.0
2007-11-12,,3410.0
2007-11-13,,3410.0
2007-11-14,,3410.0
2007-11-15,-0.12835278796,3410.0
2007-11-16,-0.14845590537,3080.0
2007-11-19,-0.126010576255,3170.0
2007-11-20,-0.118872514422,2780.0
2007-11-21,-0.12494378794,2890.0
2007-11-23,-0.102994184986,2860.0
2007-11-26,-0.0371373312229,2940.0
2007-11-27,-0.00916380342541,3660.0
2007-11-28,-0.00576742452015,4680.0
2007-11-29,-0.0621225581023,4820.0
2007-11-30,-0.0238508025695,5510.0
2007-12-03,-0.021225662908,5510.0
2007-12-04,-0.0123189595858,5870.0
2007-12-05,-0.0132937289607,5880.0
2007-12-06,-0.0193265421393,5470.0
2007-12-07,0.00952908863846,5810.0
2007-12-10,0.0169575903628,5980.0
2007-12-11,,5980.0
2007-12-12,,5980.0
2007-12-13,,5980.0
2007-12-14,,5980.0
2007-12-17,0.146620340281,5980.0
2007-12-18,0.0960872353486,5860.0
2007-12-19,0.0730866274612,5560.0
2007-12-20,0.067819904931,5500.0
2007-12-21,0.027063860831,4580.0
2007-12-24,-0.00286626220828,4220.0
2007-12-26,-0.007420565329,3570.0
2007-12-27,0.0704758096357,3850.0
2007-12-28,0.103027878664,4050.0
2007-12-31,1.26241940668,760.0
2008-01-02,0.0047262397076,760.0
2008-01-03,-0.00418119450469,1200.0
2008-01-04,0.00280964332249,1600.0
2008-01-07,-0.00176845551265,1770.0
2008-01-08,-0.0124118802106,1510.0
2008-01-09,-0.0282271135722,1180.0
2008-01-10,-0.0386070091893,1430.0
2008-01-11,-0.0359142936746,1710.0
2008-01-14,,1710.0
2008-01-15,,1710.0
2008-01-16,,1710.0
2008-01-17,,1710.0
2008-01-18,-0.0608677466131,1710.0
2008-01-22,-0.0711391906094,1660.0
2008-01-23,-0.0568815369386,1830.0
2008-01-24,-0.0601806903756,1530.0
2008-01-25,-0.00391052763463,2070.0
2008-01-28,-0.0108276219319,2330.0
2008-01-29,-0.00352929208832,2140.0
2008-01-30,0.0249665134942,2170.0
2008-01-31,0.0503151093007,2540.0
2008-02-01,0.021199830402,2540.0
2008-02-04,0.0143678506211,2470.0
2008-02-05,0.0133918558401,2460.0
2008-02-06,0.0369598107663,2640.0
2008-02-07,0.0438398281482,2690.0
2008-02-08,0.0139197149272,2240.0
2008-02-11,0.0223992832344,2040.0
2008-02-12,,2040.0
2008-02-13,,2040.0
2008-02-14,,2040.0
2008-02-15,,2040.0
2008-02-19,-0.0160593966743,2040.0
2008-02-20,-0.0393260113812,2030.0
2008-02-21,-0.0617057885357,2140.0
2008-02-22,-0.0511217319267,2050.0
2008-02-25,-0.0269679558098,2180.0
2008-02-26,-0.0307557457181,2250.0
2008-02-27,-0.00770531834246,2550.0
2008-02-28,-0.0448028665939,2360.0
2008-02-29,-0.0822893586116,2230.0
2008-03-03,-0.0663959831645,2230.0
2008-03-04,-0.0867937510749,2110.0
2008-03-05,-0.15524105185,1370.0
2008-03-06,-0.163463097263,1000.0
2008-03-07,-0.128926651447,560.0
2008-03-10,-0.161440959476,-510.0
2008-03-11,-0.204580042581,-560.0
2008-03-12,,-560.0
2008-03-13,,-560.0
2008-03-14,,-560.0
2008-03-17,,-560.0
2008-03-18,-0.330286516358,-560.0
2008-03-19,-0.244482479551,-80.0
2008-03-20,-0.20004687872,240.0
2008-03-24,-0.136681246929,820.0
2008-03-25,-0.0232226103125,1410.0
2008-03-26,-0.168023795441,90.0
2008-03-27,-0.249079481673,-610.0
2008-03-28,-0.108471960626,40.0
2008-03-31,-0.055646919039,940.0
2008-04-01,-0.029484700823,940.0
2008-04-02,-0.0419143637353,760.0
2008-04-03,-0.0436562199674,450.0
2008-04-04,-0.0234201724448,550.0
2008-04-07,-0.0340410831189,290.0
2008-04-08,-0.0592510854292,200.0
2008-04-09,-0.0481622235673,-180.0
2008-04-10,-0.0141889780014,230.0
2008-04-11,0.00643089245903,490.0
2008-04-14,-0.0494923701051,100.0
2008-04-15,,100.0
2008-04-16,,100.0
2008-04-17,,100.0
2008-04-18,,100.0
2008-04-21,-0.135790577797,100.0
2008-04-22,-0.115893146885,130.0
2008-04-23,-0.0867144850251,380.0
2008-04-24,-0.140985341723,160.0
2008-04-25,-0.188845444195,-490.0
2008-04-28,-0.161175674111,-290.0
2008-04-29,-0.119062573602,80.0
2008-04-30,-0.092858491691,220.0
2008-05-01,-0.0655981886564,220.0
2008-05-02,-0.040009802495,320.0
2008-05-05,-0.0318483304023,280.0
2008-05-06,-0.0131361483466,350.0
2008-05-07,0.0138031964768,610.0
2008-05-08,0.0333793947545,960.0
2008-05-09,0.0257549324103,1360.0
2008-05-12,0.0141458550765,1510.0
2008-05-13,,1510.0
2008-05-14,,1510.0
2008-05-15,,1510.0
2008-05-16,,1510.0
2008-05-19,-0.0239977942355,1510.0
2008-05-20,0.0627876087478,2630.0
2008-05-21,0.108537499921,2840.0
2008-05-22,0.0495097268304,1470.0
2008-05-23,0.0886152538212,910.0
2008-05-27,0.0691175992266,1560.0
2008-05-28,0.0529943467793,670.0
2008-05-29,0.124553168334,1460.0
2008-05-30,0.130250006059,1300.0
2008-06-02,0.057189979327,1300.0
2008-06-03,0.065834620812,1730.0
2008-06-04,0.0507767330913,1800.0
2008-06-05,0.0860660968915,1450.0
2008-06-06,0.060676292662,710.0
2008-06-09,0.0922641401601,1210.0
2008-06-10,0.110826279372,1740.0
2008-06-11,0.134627168161,1980.0
2008-06-12,0.116560865317,2060.0
2008-06-13,,2060.0
2008-06-16,,2060.0
2008-06-17,,2060.0
2008-06-18,,2060.0
2008-06-19,0.177097021253,2060.0
2008-06-20,0.161099896538,1360.0
2008-06-23,0.203799413059,1550.0
2008-06-24,0.229330836189,1890.0
2008-06-25,0.198094960088,2260.0
2008-06-26,0.213495718268,2140.0
2008-06-27,0.211260777737,2310.0
2008-06-30,0.178123700664,2750.0
2008-07-01,0.0858151923177,2750.0
2008-07-02,0.0610889055111,2720.0
2008-07-03,0.0165450746267,2560.0
2008-07-04,0.0165450746267,2560.0
2008-07-07,0.0316346756416,2990.0
2008-07-08,0.0329059944166,3400.0
2008-07-09,0.0394510965647,3340.0
2008-07-10,0.0578146366785,3080.0
2008-07-11,0.0556351170756,2550.0
2008-07-14,0.0492708008662,2810.0
2008-07-15,,2810.0
2008-07-16,,2810.0
2008-07-17,,2810.0
2008-07-18,,2810.0
2008-07-21,0.0912251053251,2810.0
2008-07-22,0.118790766102,3160.0
2008-07-23,0.135631114074,3080.0
2008-07-24,0.145233396507,2500.0
2008-07-25,0.162799563892,2850.0
2008-07-28,0.171198079744,2820.0
2008-07-29,0.164444209334,2860.0
2008-07-30,0.155517348203,2370.0
2008-07-31,0.16854383682,2510.0
2008-08-01,0.115727926394,2510.0
2008-08-04,0.0939964017691,2400.0
2008-08-05,0.0417326028743,2060.0
2008-08-06,0.0290662911286,1960.0
2008-08-07,0.0101333331926,1370.0
2008-08-08,0.100796358797,2370.0
2008-08-11,0.0961295119274,2420.0
2008-08-12,0.103195820654,2430.0
2008-08-13,,2430.0
2008-08-14,,2430.0
2008-08-15,,2430.0
2008-08-18,,2430.0
2008-08-19,0.124067741372,2430.0
2008-08-20,0.137043026077,2880.0
2008-08-21,0.133020944732,3280.0
2008-08-22,0.133153120353,3300.0
2008-08-25,0.141074449003,3490.0
2008-08-26,0.0936466941892,2870.0
2008-08-27,0.0574038184215,2430.0
2008-08-28,0.1001805993,2850.0
2008-08-29,0.111052811155,2730.0
2008-09-02,0.0702499205467,2730.0
2008-09-03,0.0608769842644,2450.0
2008-09-04,0.0635329515754,2380.0
2008-09-05,0.0379957257213,2270.0
2008-09-08,0.0192113149716,2110.0
2008-09-09,0.00186869176145,2040.0
2008-09-10,-0.0192118857181,1820.0
2008-09-11,-0.00826177418587,1810.0
2008-09-12,0.011376189349,1940.0
2008-09-15,,1940.0
2008-09-16,,1940.0
2008-09-17,,1940.0
2008-09-18,,1940.0
2008-09-19,-0.148933092062,1940.0
2008-09-22,-0.24608851921,1410.0
2008-09-23,-0.490290959477,310.0
2008-09-24,-0.300308627903,1060.0
2008-09-25,-0.358797674999,1130.0
2008-09-26,-0.32782183685,1440.0
2008-09-29,-0.205440324266,2620.0
2008-09-30,-0.236685850914,2430.0
2008-10-01,-0.0665319990105,2430.0
2008-10-02,-0.10813179547,2310.0
2008-10-03,-0.139899645879,1940.0
2008-10-06,-0.1524323547,2100.0
2008-10-07,-0.15916665285,1720.0
2008-10-08,-0.0435996512042,2150.0
2008-10-09,-0.00786629914428,2830.0
2008-10-10,-0.0539274008965,3450.0
2008-10-13,-0.020098366446,3200.0
2008-10-14,,3200.0
2008-10-15,,3200.0
2008-10-16,,3200.0
2008-10-17,,3200.0
2008-10-20,-0.0704320023354,3200.0
2008-10-21,-0.0228916901038,3600.0
2008-10-22,-0.0298209672023,3480.0
2008-10-23,-0.0332417421961,3440.0
2008-10-24,-0.0230892512128,3510.0
2008-10-27,-0.00931882270622,3710.0
2008-10-28,0.00379335069881,3610.0
2008-10-29,-0.0025873349669,3740.0
2008-10-30,0.0105019560096,4390.0
2008-10-31,0.040713678922,4490.0
2008-11-03,-0.00292604940183,4490.0
2008-11-04,-0.026966081873,4920.0
2008-11-05,-0.0287195451366,5230.0
2008-11-06,-0.0261828261441,5420.0
2008-11-07,-0.0011214329258,5390.0
2008-11-10,0.0194066888946,5170.0
2008-11-11,-0.0028280437638,5270.0
2008-11-12,0.000243798617488,5240.0
2008-11-13,,5240.0
2008-11-14,,5240.0
2008-11-17,,5240.0
2008-11-18,,5240.0
2008-11-19,-0.060435661362,5240.0
2008-11-20,-0.0167238356072,5620.0
2008-11-21,-0.00289017128615,5770.0
2008-11-24,0.0339873186076,5740.0
2008-11-25,0.0479023425514,6310.0
2008-11-26,0.0610715987633,6330.0
2008-11-28,0.124707771337,6500.0
2008-12-01,0.0466674580733,6500.0
2008-12-02,0.061472761683,6780.0
2008-12-03,0.0772581218075,7300.0
2008-12-04,0.0877208727306,7660.0
2008-12-05,0.171956132969,7580.0
2008-12-08,0.340530004132,8090.0
2008-12-09,0.344959226143,7990.0
2008-12-10,0.366499516417,7170.0
2008-12-11,0.414448330842,7170.0
2008-12-12,,7170.0
2008-12-15,,7170.0
2008-12-16,,7170.0
2008-12-17,,7170.0
2008-12-18,0.684432538689,7170.0
2008-12-19,0.736236963879,6940.0
2008-12-22,0.816400028596,6720.0
2008-12-23,0.826446617379,6730.0
2008-12-24,0.711877616929,6770.0
2008-12-26,0.648644560663,6770.0
2008-12-29,0.743619191538,6790.0
2008-12-30,1.00913998642,8030.0
2008-12-31,1.13784158734,7860.0
2009-01-02,0.380748071226,7860.0
2009-01-05,0.382726028424,7770.0
2009-01-06,0.471782243626,7960.0
2009-01-07,0.593575535238,9290.0
2009-01-08,0.647734592499,9850.0
2009-01-09,0.645085546513,10330.0
2009-01-12,,10330.0
2009-01-13,,10330.0
2009-01-14,,10330.0
2009-01-15,,10330.0
2009-01-16,1.36089710565,10330.0
2009-01-20,1.01925714479,8830.0
2009-01-21,0.468905667149,6120.0
2009-01-22,0.531099717706,6260.0
2009-01-23,0.764836446279,6420.0
2009-01-26,0.821398108005,6010.0
2009-01-27,1.04839441584,8210.0
2009-01-28,1.26811617499,9100.0
2009-01-29,1.48972843489,10110.0
2009-01-30,1.42583395437,9470.0
2009-02-02,0.397256728633,9470.0
2009-02-03,0.333534380816,9390.0
2009-02-04,0.442159430198,9870.0
2009-02-05,0.497505189811,10090.0
2009-02-06,0.519474722819,10090.0
2009-02-09,0.5689764131,10250.0
2009-02-10,0.602978325316,10600.0
2009-02-11,0.721076976209,11570.0
2009-02-12,,11570.0
2009-02-13,,11570.0
2009-02-17,,11570.0
2009-02-18,,11570.0
2009-02-19,0.536391647025,11570.0
2009-02-20,0.488249684418,11040.0
2009-02-23,0.71580748038,12160.0
2009-02-24,0.705376237056,11810.0
2009-02-25,0.503202817354,10560.0
2009-02-26,0.556528727552,10550.0
2009-02-27,0.493990363088,10330.0
2009-03-02,0.133264582837,10330.0
2009-03-03,0.10109065674,10090.0
2009-03-04,0.0646220335373,9490.0
2009-03-05,0.116939414039,9910.0
2009-03-06,0.138564325794,9450.0
2009-03-09,0.0500063626931,8730.0
2009-03-10,0.140770228257,9710.0
2009-03-11,0.198220668336,10320.0
2009-03-12,0.11887475677,9830.0
2009-03-13,,9830.0
2009-03-16,,9830.0
2009-03-17,,9830.0
2009-03-18,,9830.0
2009-03-19,0.311157980042,9830.0
2009-03-20,0.402308712248,10280.0
2009-03-23,0.454944987696,10700.0
2009-03-24,0.36169983057,10180.0
2009-03-25,0.257988438911,9850.0
2009-03-26,0.279062561808,9760.0
2009-03-27,0.372907189182,10370.0
2009-03-30,0.385128064507,10980.0
2009-03-31,0.376557407341,10420.0
2009-04-01,0.190669918829,10420.0
2009-04-02,0.182445621702,10560.0
2009-04-03,0.275879841883,10860.0
2009-04-06,0.312971816202,11380.0
2009-04-07,0.440853810745,11950.0
2009-04-08,0.4647554765,11990.0
2009-04-09,0.426794007738,11420.0
2009-04-13,0.481372036865,11630.0
2009-04-14,,11630.0
2009-04-15,,11630.0
2009-04-16,,11630.0
2009-04-17,,11630.0
2009-04-20,0.482927138105,11630.0
2009-04-21,0.404415212033,11470.0
2009-04-22,0.305123481329,11210.0
2009-04-23,0.176499104454,10300.0
2009-04-24,0.158323329333,9900.0
2009-04-27,0.11503300751,10090.0
2009-04-28,0.0363643169965,9750.0
2009-04-29,0.0606565939025,9830.0
2009-04-30,0.0375103435711,9810.0
2009-05-01,0.0819512432702,9810.0
2009-05-04,0.19086643956,10160.0
2009-05-05,0.163884808976,10170.0
2009-05-06,0.0989442190858,9700.0
2009-05-07,0.045977912918,9390.0
2009-05-08,0.0349870123889,8940.0
2009-05-11,0.0019992349947,8990.0
2009-05-12,,8990.0
2009-05-13,,8990.0
2009-05-14,,8990.0
2009-05-15,,8990.0
2009-05-18,0.022786268907,8990.0
2009-05-19,0.0527340993457,8970.0
2009-05-20,0.037753075951,8220.0
2009-05-21,0.110416398887,8680.0
2009-05-22,0.0620500857808,8660.0
2009-05-26,0.067792043924,8240.0
2009-05-27,0.0861222710049,8240.0
2009-05-28,0.11668717161,8500.0
2009-05-29,0.114692020127,8350.0
2009-06-01,0.0674649344111,8350.0
2009-06-02,0.0655247004261,8920.0
2009-06-03,0.0374611206303,9570.0
2009-06-04,0.0098327885787,9350.0
2009-06-05,0.0154695091317,9570.0
2009-06-08,0.0411299353418,9770.0
2009-06-09,0.0497204973012,9410.0
2009-06-10,0.0773563864962,9020.0
2009-06-11,0.0776539521082,8840.0
2009-06-12,0.0675242035406,8920.0
2009-06-15,,8920.0
2009-06-16,,8920.0
2009-06-17,,8920.0
2009-06-18,,8920.0
2009-06-19,0.176625587829,8920.0
2009-06-22,0.144965668771,8950.0
2009-06-23,0.149970399639,8660.0
2009-06-24,0.144967699068,8850.0
2009-06-25,0.174962450521,8790.0
2009-06-26,0.169962597315,8830.0
2009-06-29,0.206626418641,8640.0
2009-06-30,0.218284394775,8860.0
2009-07-01,0.104708853327,8860.0
2009-07-02,0.113722949548,9260.0
2009-07-03,0.113722949548,9260.0
2009-07-06,0.100407139949,9390.0
2009-07-07,0.0970884810679,9520.0
2009-07-08,0.10015199584,9900.0
2009-07-09,0.0937608466949,10060.0
2009-07-10,0.0810864522462,9930.0
2009-07-13,0.08713300355,9910.0
2009-07-14,,9910.0
2009-07-15,,9910.0
2009-07-16,,9910.0
2009-07-17,,9910.0
2009-07-20,0.313957727495,9910.0
2009-07-21,0.26442072361,9780.0
2009-07-22,0.339661242651,10690.0
2009-07-23,0.398082430571,10650.0
2009-07-24,0.446681661598,10560.0
2009-07-27,0.428416092042,10050.0
2009-07-28,0.434235937889,10300.0
2009-07-29,0.436460525907,11120.0
2009-07-30,0.458616041072,10970.0
2009-07-31,0.372523340073,9830.0
2009-08-03,0.131698690948,9830.0
2009-08-04,0.222333212326,10370.0
2009-08-05,0.23776925955,10460.0
2009-08-06,0.206995146141,10300.0
2009-08-07,0.192210618818,10140.0
2009-08-10,0.244061723968,10520.0
2009-08-11,0.228823545576,10470.0
2009-08-12,0.213645706264,10230.0
2009-08-13,,10230.0
2009-08-14,,10230.0
2009-08-17,,10230.0
2009-08-18,,10230.0
2009-08-19,0.171224449568,10230.0
2009-08-20,0.149763613525,10080.0
2009-08-21,0.171428761761,9910.0
2009-08-24,0.10556628823,9650.0
2009-08-25,0.105368094283,9800.0
2009-08-26,0.104482156341,10050.0
2009-08-27,0.0573396053719,9830.0
2009-08-28,0.0964493631821,9740.0
2009-08-31,0.0898820575429,9750.0
2009-09-01,0.0456695828236,9750.0
2009-09-02,0.0357531891227,9520.0
2009-09-03,0.0319948172594,9330.0
2009-09-04,0.0154378007764,9190.0
2009-09-08,-0.0147984657746,8880.0
2009-09-09,-0.00447961915538,8710.0
2009-09-10,-0.0337573712403,8640.0
2009-09-11,0.000719914193646,9010.0
2009-09-14,-0.0225567866267,9190.0
2009-09-15,,9190.0
2009-09-16,,9190.0
2009-09-17,,9190.0
2009-09-18,,9190.0
2009-09-21,-0.014268232619,9190.0
2009-09-22,-0.0235702046482,9030.0
2009-09-23,-0.0288187383208,9470.0
2009-09-24,-0.0792016559436,9560.0
2009-09-25,-0.106313626634,9280.0
2009-09-28,-0.120746793624,9150.0
2009-09-29,-0.119254106065,9190.0
2009-09-30,-0.112820792381,8860.0
2009-10-01,-0.0453387643437,8860.0
2009-10-02,-0.0210467867526,8800.0
2009-10-05,-0.0370130900399,8590.0
2009-10-06,-0.0218669720155,8560.0
2009-10-07,0.00124576905118,8740.0
2009-10-08,0.0337655847618,9040.0
2009-10-09,0.0344208849036,9110.0
2009-10-12,0.025012931045,8990.0
2009-10-13,,8990.0
2009-10-14,,8990.0
2009-10-15,,8990.0
2009-10-16,,8990.0
2009-10-19,0.0386271722029,8990.0
2009-10-20,0.0638327264217,9210.0
2009-10-21,0.0817658362617,9270.0
2009-10-22,0.0975016557252,9410.0
2009-10-23,0.0943760093391,9630.0
2009-10-26,0.0861104914217,9620.0
2009-10-27,0.0440439393055,9430.0
2009-10-28,0.0477081056069,9380.0
2009-10-29,0.027038354726,9230.0
2009-10-30,0.0686422861154,9490.0
2009-11-02,0.0453246430088,9490.0
2009-11-03,0.0281278016856,9520.0
2009-11-04,0.0371927469593,9510.0
2009-11-05,0.0282612017926,9500.0
2009-11-06,0.0206623606633,9590.0
2009-11-09,0.0166631940833,9590.0
2009-11-10,0.0099980005998,9540.0
2009-11-11,0.0161297488389,9670.0
2009-11-12,0.0182616605508,9950.0
2009-11-13,,9950.0
2009-11-16,,9950.0
2009-11-17,,9950.0
2009-11-18,,9950.0
2009-11-19,0.0792446017019,9950.0
2009-11-20,0.0803315152162,10080.0
2009-11-23,0.126537818102,10180.0
2009-11-24,0.212647594097,10670.0
2009-11-25,0.238720007753,10800.0
2009-11-27,0.236788894334,11230.0
2009-11-30,0.264477671194,11370.0
2009-12-01,0.128344166389,11370.0
2009-12-02,0.163651731808,11620.0
2009-12-03,0.220672488142,11910.0
2009-12-04,0.21493568462,12020.0
2009-12-07,0.262882712217,12320.0
2009-12-08,0.243187949552,11980.0
2009-12-09,0.20762980306,11620.0
2009-12-10,0.208032859667,11560.0
2009-12-11,0.30289505792,11870.0
2009-12-14,,11870.0
2009-12-15,,11870.0
2009-12-16,,11870.0
2009-12-17,,11870.0
2009-12-18,0.099265969305,11870.0
2009-12-21,0.122463603695,11810.0
2009-12-22,0.0600531134462,11460.0
2009-12-23,0.0311819924,11210.0
2009-12-24,0.0479326853421,11250.0
2009-12-28,0.0832733243023,11410.0
2009-12-29,0.0967123045706,11460.0
2009-12-30,0.11657844867,11400.0
2009-12-31,0.0776237190586,11110.0
2010-01-04,0.0493271506995,11110.0
2010-01-05,0.0674567278374,11270.0
2010-01-06,0.0643239478586,11260.0
2010-01-07,0.0677904909321,11220.0
2010-01-08,0.0507245754699,11440.0
2010-01-11,0.0327276827276,11440.0
2010-01-12,,11440.0
2010-01-13,,11440.0
2010-01-14,,11440.0
2010-01-15,,11440.0
2010-01-19,0.00400832214129,11440.0
2010-01-20,-0.000405329201463,11570.0
2010-01-21,-0.0124752768423,11480.0
2010-01-22,-0.0481455519917,11330.0
2010-01-25,-0.0294094480957,11420.0
2010-01-26,-0.0146372579044,11370.0
2010-01-27,0.00400832214129,11440.0
2010-01-28,-0.00671069213405,11280.0
2010-01-29,0.00711594182003,11390.0
2010-02-01,0.033993971798,11390.0
2010-02-02,0.0429927096218,11340.0
2010-02-03,0.0409927948685,11380.0
2010-02-04,0.0249954490728,11420.0
2010-02-05,-0.0199973869011,11070.0
2010-02-08,0.000999867994895,11080.0
2010-02-09,0.00899868700613,11180.0
2010-02-10,0.00699916829062,10980.0
2010-02-11,0.0289963272638,11040.0
2010-02-12,,11040.0
2010-02-16,,11040.0
2010-02-17,,11040.0
2010-02-18,,11040.0
2010-02-19,0.0555260724774,11040.0
2010-02-22,0.0540577969252,11130.0
2010-02-23,0.0593657574775,11270.0
2010-02-24,0.0456148966517,11080.0
2010-02-25,0.0288391449827,11030.0
2010-02-26,0.0369294157806,10920.0
2010-03-01,0.0367189283009,10920.0
2010-03-02,0.0378338511229,10850.0
2010-03-03,0.0408829605135,10820.0
2010-03-04,0.0584542988852,11080.0
2010-03-05,0.0484222201361,11100.0
2010-03-08,0.0482906656367,11180.0
2010-03-09,0.0333413229941,11150.0
2010-03-10,0.016654593664,10960.0
2010-03-11,0.00360629914969,10990.0
2010-03-12,0.016818672747,10860.0
2010-03-15,,10860.0
2010-03-16,,10860.0
2010-03-17,,10860.0
2010-03-18,,10860.0
2010-03-19,0.0835450463178,10860.0
2010-03-22,0.0719006350735,10870.0
2010-03-23,0.0649751483547,10750.0
2010-03-24,0.0837177222947,10940.0
2010-03-25,0.112243329939,11030.0
2010-03-26,0.127242294005,11030.0
2010-03-29,0.12330560299,10750.0
2010-03-30,0.111510071472,10690.0
2010-03-31,0.123089931526,10650.0
2010-04-01,0.0879960157753,10650.0
2010-04-05,0.106994388439,10740.0
2010-04-06,0.120991498395,10940.0
2010-04-07,0.126985868075,11320.0
2010-04-08,0.137980960731,11530.0
2010-04-09,0.164964572791,12040.0
2010-04-12,0.233929709936,12510.0
2010-04-13,,12510.0
2010-04-14,,12510.0
2010-04-15,,12510.0
2010-04-16,,12510.0
2010-04-19,0.412429882718,12510.0
2010-04-20,0.386479602365,12350.0
2010-04-21,0.556741862765,13400.0
2010-04-22,0.562868250155,13520.0
2010-04-23,0.586457859681,13460.0
2010-04-26,0.714577050407,14230.0
2010-04-27,0.82746021626,15040.0
2010-04-28,0.784418336586,14620.0
2010-04-29,0.639134431636,13600.0
2010-04-30,0.713686948413,13690.0
2010-05-03,0.394660672799,13690.0
2010-05-04,0.341521432355,13640.0
2010-05-05,0.346103959139,13820.0
2010-05-06,0.380861031369,13750.0
2010-05-07,0.361455753507,14240.0
2010-05-10,0.344239264584,14170.0
2010-05-11,0.430761197769,14660.0
2010-05-12,0.564553031606,15260.0
2010-05-13,,15260.0
2010-05-14,,15260.0
2010-05-17,,15260.0
2010-05-18,,15260.0
2010-05-19,0.328772012947,15260.0
2010-05-20,0.268293052881,15030.0
2010-05-21,0.438605133267,15980.0
2010-05-24,0.336213556981,15620.0
2010-05-25,0.299410905291,15550.0
2010-05-26,0.188208797594,14980.0
2010-05-27,0.19693344774,15160.0
2010-05-28,0.229395962075,15530.0
2010-06-01,0.0809876619031,15530.0
2010-06-02,0.159928048564,15940.0
2010-06-03,0.0858009657811,15770.0
2010-06-04,0.0604031892579,15650.0
2010-06-07,0.0923536889571,15860.0
2010-06-08,0.0584394163265,15440.0
2010-06-09,0.0933529899266,15050.0
2010-06-10,0.0948590017455,15150.0
2010-06-11,0.173706956367,15580.0
2010-06-14,0.0898110445789,15160.0
2010-06-15,,15160.0
2010-06-16,,15160.0
2010-06-17,,15160.0
2010-06-18,,15160.0
2010-06-21,0.177967371698,15160.0
2010-06-22,0.151526433691,15060.0
2010-06-23,0.100396281742,14820.0
2010-06-24,0.0844327184922,14500.0
2010-06-25,0.0632060524832,14300.0
2010-06-28,0.0958131890326,14630.0
2010-06-29,0.0878312246233,14470.0
2010-06-30,0.0518246102147,14170.0
2010-07-01,0.0229153121785,14170.0
2010-07-02,0.01891578702,14170.0
2010-07-06,0.0254057431245,14480.0
2010-07-07,0.0213735426647,14500.0
2010-07-08,0.0203244433172,14530.0
2010-07-09,-0.0133096511362,14310.0
2010-07-12,-0.0233409994251,14330.0
2010-07-13,,14330.0
2010-07-14,,14330.0
2010-07-15,,14330.0
2010-07-16,,14330.0
2010-07-19,0.0199978759845,14330.0
2010-07-20,0.00833262144769,14100.0
2010-07-21,0.0249968991523,14510.0
2010-07-22,0.00166651708267,14150.0
2010-07-23,0.00666602072698,14230.0
2010-07-26,-0.00499945943024,14350.0
2010-07-27,-0.0133317608546,14450.0
2010-07-28,-0.00833209306177,14740.0
2010-07-29,-0.00333282208071,14780.0
2010-07-30,-0.0149978346353,14700.0
2010-08-02,0.0454484610265,14700.0
2010-08-03,0.0552160440629,14660.0
2010-08-04,0.051447657882,14700.0
2010-08-05,0.0525052963539,14710.0
2010-08-06,0.0428357662036,14940.0
2010-08-09,0.051180997347,15000.0
2010-08-10,0.0475283033382,15060.0
2010-08-11,0.0597570365745,15100.0
2010-08-12,0.0456619431284,14910.0
2010-08-13,,14910.0
2010-08-16,,14910.0
2010-08-17,,14910.0
2010-08-18,,14910.0
2010-08-19,0.114879772668,14910.0
2010-08-20,0.105562474793,14980.0
2010-08-23,0.094579023039,15050.0
2010-08-24,0.132584417845,15360.0
2010-08-25,0.129446324099,15380.0
2010-08-26,0.168806987408,15830.0
2010-08-27,0.258061457092,16100.0
2010-08-30,0.32669133663,16650.0
2010-08-31,0.502419254807,17600.0
2010-09-01,0.303715759235,17600.0
2010-09-02,0.218115541399,17230.0
2010-09-03,0.244675674544,17310.0
2010-09-07,0.351746176076,18030.0
2010-09-08,0.313134449495,17800.0
2010-09-09,0.282370338936,17550.0
2010-09-10,0.104210983365,16540.0
2010-09-13,0.0845038283314,16580.0
2010-09-14,,16580.0
2010-09-15,,16580.0
2010-09-16,,16580.0
2010-09-17,,16580.0
2010-09-20,0.447155891404,16580.0
2010-09-21,0.480060508998,16760.0
2010-09-22,0.448707957866,16630.0
2010-09-23,0.358239620704,16120.0
2010-09-24,0.272769847824,15600.0
2010-09-27,0.191971224701,15220.0
2010-09-28,0.277456385905,15740.0
2010-09-29,0.295559760709,15840.0
2010-09-30,0.196837252548,15280.0
2010-10-01,0.0805845806301,15280.0
2010-10-04,0.0496169613105,15100.0
2010-10-05,0.078440601581,15130.0
2010-10-06,0.0997219468597,15080.0
2010-10-07,0.0934948409532,15120.0
2010-10-08,0.066640036458,14920.0
2010-10-11,0.128088620748,15190.0
2010-10-12,0.118462349835,15300.0
2010-10-13,,15300.0
2010-10-14,,15300.0
2010-10-15,,15300.0
2010-10-18,,15300.0
2010-10-19,0.119328998347,15300.0
2010-10-20,0.133480603264,15050.0
2010-10-21,0.131292166867,15270.0
2010-10-22,0.133555438105,15210.0
2010-10-25,0.114080029914,14990.0
2010-10-26,0.0909485856519,14970.0
2010-10-27,0.113359630496,15230.0
2010-10-28,0.127859899803,15280.0
2010-10-29,0.117885929234,15110.0
2010-11-01,0.051227697885,15110.0
2010-11-02,0.0415126469092,15000.0
2010-11-03,0.0454617772629,15090.0
2010-11-04,0.0484457475584,14920.0
2010-11-05,0.0368632242119,14970.0
2010-11-08,0.0359296427501,15050.0
2010-11-09,0.0276970884966,15070.0
2010-11-10,0.0178988164799,14710.0
2010-11-11,0.0225484435065,14740.0
2010-11-12,,14740.0
2010-11-15,,14740.0
2010-11-16,,14740.0
2010-11-17,,14740.0
2010-11-18,0.133847337601,14740.0
2010-11-19,0.128840569181,14440.0
2010-11-22,0.130562384799,14430.0
2010-11-23,0.113289055862,14540.0
2010-11-24,0.118675598046,14470.0
2010-11-26,0.128729974602,14460.0
2010-11-29,0.116337657583,14290.0
2010-11-30,0.127055582488,14160.0
2010-12-01,0.0504978784323,14160.0
2010-12-02,0.057798583952,13900.0
2010-12-03,0.0752992375991,13600.0
2010-12-06,0.073799503905,13500.0
2010-12-07,0.0944960299377,14160.0
2010-12-08,0.0826453717018,14330.0
2010-12-09,0.0939953003525,14260.0
2010-12-10,0.0995943343501,14340.0
2010-12-13,,14340.0
2010-12-14,,14340.0
2010-12-15,,14340.0
2010-12-16,,14340.0
2010-12-17,0.227485149314,14340.0
2010-12-20,0.235999796222,14510.0
2010-12-21,0.25595440451,14470.0
2010-12-22,0.230775156497,14300.0
2010-12-23,0.200552114062,14090.0
2010-12-27,0.227549560667,14400.0
2010-12-28,0.229151626864,14340.0
2010-12-29,0.239279136301,14460.0
2010-12-30,0.242954238062,14780.0
2010-12-31,0.24290084382,14730.0
2011-01-03,0.159439215842,14730.0
2011-01-04,0.193229765959,15350.0
2011-01-05,0.195250531653,15670.0
2011-01-06,0.246003962236,16050.0
2011-01-07,0.196867917858,15560.0
2011-01-10,0.239998357239,15890.0
2011-01-11,0.225241255257,15670.0
2011-01-12,,15670.0
2011-01-13,,15670.0
2011-01-14,,15670.0
2011-01-18,,15670.0
2011-01-19,0.381948830455,15670.0
2011-01-20,0.45819383065,16360.0
2011-01-21,0.507690600681,17040.0
2011-01-24,0.556248742,17330.0
2011-01-25,0.548305430144,17640.0
2011-01-26,0.671735864406,18430.0
2011-01-27,0.89761507026,19890.0
2011-01-28,0.755475031661,18760.0
2011-01-31,0.694050764886,17770.0
2011-02-01,0.445399331666,17770.0
2011-02-02,0.489798468616,18220.0
2011-02-03,0.497203643296,18350.0
2011-02-04,0.497456202757,18430.0
2011-02-07,0.604689227615,19180.0
2011-02-08,0.711954055289,19970.0
2011-02-09,0.779274357136,20450.0
2011-02-10,0.753041114282,20020.0
2011-02-11,0.833681636189,20280.0
2011-02-14,,20280.0
2011-02-15,,20280.0
2011-02-16,,20280.0
2011-02-17,,20280.0
2011-02-18,0.859457231068,20280.0
2011-02-22,0.462565432611,17310.0
2011-02-23,0.642516726513,17310.0
2011-02-24,0.491088620892,17140.0
2011-02-25,0.478795590721,17260.0
2011-02-28,0.548636249689,17630.0
2011-03-01,0.175706180615,17630.0
2011-03-02,0.133399392709,17080.0
2011-03-03,0.155041830568,17350.0
2011-03-04,0.185513455201,16710.0
2011-03-07,0.184680586922,16780.0
2011-03-08,0.177609247567,16750.0
2011-03-09,0.175087617608,17370.0
2011-03-10,0.133685854805,17200.0
2011-03-11,0.120164358656,17400.0
2011-03-14,0.116260213114,17440.0
2011-03-15,,17440.0
2011-03-16,,17440.0
2011-03-17,,17440.0
2011-03-18,,17440.0
2011-03-21,0.208782643981,17440.0
2011-03-22,0.193160700584,17120.0
2011-03-23,0.184626976065,16670.0
2011-03-24,0.182276546228,16880.0
2011-03-25,0.178324417335,17070.0
2011-03-28,0.17920880869,17310.0
2011-03-29,0.17309660135,17140.0
2011-03-30,0.158688707684,17470.0
2011-03-31,0.174860926983,17110.0
2011-04-01,0.107297876523,17110.0
2011-04-04,0.101361500212,17340.0
2011-04-05,0.122545573524,17540.0
2011-04-06,0.12974896195,17490.0
2011-04-07,0.119605145589,17280.0
2011-04-08,0.138011879685,17180.0
2011-04-11,0.157665854891,17510.0
2011-04-12,,17510.0
2011-04-13,,17510.0
2011-04-14,,17510.0
2011-04-15,,17510.0
2011-04-18,0.169059712861,17510.0
2011-04-19,0.165944646841,17460.0
2011-04-20,0.193003627188,17370.0
2011-04-21,0.203090765149,17350.0
2011-04-25,0.218439710862,17270.0
2011-04-26,0.206031214214,17440.0
2011-04-27,0.222653926853,17450.0
2011-04-28,0.216292958468,17380.0
2011-04-29,0.224626163203,17380.0
2011-05-02,0.109718575116,17380.0
2011-05-03,0.106660544717,17450.0
2011-05-04,0.0845777611305,17550.0
2011-05-05,0.0914864023242,17660.0
2011-05-06,0.0972701548729,17920.0
2011-05-09,0.100311689642,17870.0
2011-05-10,0.100178465157,18030.0
2011-05-11,0.0943284649883,17850.0
2011-05-12,0.0912203879134,17980.0
2011-05-13,,17980.0
2011-05-16,,17980.0
2011-05-17,,17980.0
2011-05-18,,17980.0
2011-05-19,0.0988293308265,17980.0
2011-05-20,0.104129659704,17890.0
2011-05-23,0.099761202341,18200.0
2011-05-24,0.119593025538,18250.0
2011-05-25,0.134592150815,18250.0
2011-05-26,0.143287136258,18640.0
2011-05-27,0.126755735442,18600.0
2011-05-31,0.145422033188,18500.0
2011-06-01,0.0610867027188,18500.0
2011-06-02,0.0429050534935,18740.0
2011-06-03,0.0301786980294,18820.0
2011-06-06,0.0374508058045,18790.0
2011-06-07,0.0414498568834,18900.0
2011-06-08,0.0472684910228,18700.0
2011-06-09,0.0692680909462,18480.0
2011-06-10,0.0681747696447,18820.0
2011-06-13,0.0514494079741,18790.0
2011-06-14,,18790.0
2011-06-15,,18790.0
2011-06-16,,18790.0
2011-06-17,,18790.0
2011-06-20,0.0408792340736,18790.0
2011-06-21,0.0444305105958,18690.0
2011-06-22,0.0621293352143,18980.0
2011-06-23,0.0363679624153,19330.0
2011-06-24,0.0293749088546,19480.0
2011-06-27,0.0528359710625,19420.0
2011-06-28,0.0577042147244,19480.0
2011-06-29,0.0630531154434,19320.0
2011-06-30,0.039460793547,19440.0
2011-07-01,0.0311950861861,19440.0
2011-07-05,0.0257300743076,19220.0
2011-07-06,0.020531199839,19040.0
2011-07-07,0.0239973004555,19110.0
2011-07-08,0.0154644758063,19330.0
2011-07-11,0.00293288853545,19400.0
2011-07-12,-0.00559932742119,19170.0
2011-07-13,,19170.0
2011-07-14,,19170.0
2011-07-15,,19170.0
2011-07-18,,19170.0
2011-07-19,-0.00242800996505,19170.0
2011-07-20,0.00230661808415,19130.0
2011-07-21,0.000717384284498,18890.0
2011-07-22,0.0197889882494,18750.0
2011-07-25,0.0400405674995,19040.0
2011-07-26,0.0467728154309,19050.0
2011-07-27,0.0366294516737,19280.0
2011-07-28,0.0296987772566,19240.0
2011-07-29,0.0231652216842,19260.0
2011-08-01,0.0209484887828,19260.0
2011-08-02,0.00665504522992,19200.0
2011-08-03,0.0147525282376,19220.0
2011-08-04,0.00314717524405,19300.0
2011-08-05,0.0156373263747,19400.0
2011-08-08,0.00498291680057,19470.0
2011-08-09,0.00639265924377,19350.0
2011-08-10,0.0225550831666,19180.0
2011-08-11,0.0185231335965,18970.0
2011-08-12,0.000524548916008,18970.0
2011-08-15,,18970.0
2011-08-16,,18970.0
2011-08-17,,18970.0
2011-08-18,,18970.0
2011-08-19,-0.0249544774537,18970.0
2011-08-22,-0.0546497364935,18760.0
2011-08-23,-0.0407976620303,18840.0
2011-08-24,-0.0196301921738,19020.0
2011-08-25,-0.0334819396947,18940.0
2011-08-26,-0.0259287417706,18820.0
2011-08-29,-0.0192196626715,18570.0
2011-08-30,-0.00647152517468,18480.0
2011-08-31,0.0799960003,18450.0
2011-09-01,0.04799760018,18450.0
2011-09-02,0.04732002006,18500.0
2011-09-06,0.0446425547011,18550.0
2011-09-07,0.0339019636565,18280.0
2011-09-08,0.0198059299365,18110.0
2011-09-09,0.0125802195552,18230.0
2011-09-12,-0.00748375172317,17910.0
2011-09-13,,17910.0
2011-09-14,,17910.0
2011-09-15,,17910.0
2011-09-16,,17910.0
2011-09-19,-0.0176529494473,17910.0
2011-09-20,-0.0128504072139,18000.0
2011-09-21,-0.00798213664017,18060.0
2011-09-22,-0.0227842924426,17970.0
2011-09-23,-0.0215340943628,18160.0
2011-09-26,-0.0127627194047,17960.0
2011-09-27,0.0124996484523,17840.0
2011-09-28,-0.0112714918334,18040.0
2011-09-29,-0.0156794360753,17770.0
2011-09-30,-0.0434642798108,17520.0
2011-10-03,-0.0189588532913,17520.0
2011-10-04,-0.0251375234286,17540.0
2011-10-05,-0.0153656708438,17230.0
2011-10-06,-0.0102763045422,17220.0
2011-10-07,0.00513819399332,16950.0
2011-10-10,0.0185853210765,16900.0
2011-10-11,0.0237233043151,17220.0
2011-10-12,0.0215444505043,17240.0
2011-10-13,,17240.0
2011-10-14,,17240.0
2011-10-17,,17240.0
2011-10-18,,17240.0
2011-10-19,0.0435819525553,17240.0
2011-10-20,0.0146535368015,17350.0
2011-10-21,0.00095237706513,17110.0
2011-10-24,0.0118505437925,16020.0
2011-10-25,0.0187006324105,15370.0
2011-10-26,0.036677414867,16360.0
2011-10-27,-0.0114825817022,16020.0
2011-10-28,0.0122726816306,16250.0
2011-10-31,0.00593070712252,16190.0
2011-11-01,-0.00326226429838,16190.0
2011-11-02,-0.0152621510643,16190.0
2011-11-03,-0.0181637430758,16160.0
2011-11-04,0.00678687211356,16480.0
2011-11-07,-0.00160655659989,16600.0
2011-11-08,0.0129179987648,16440.0
2011-11-09,0.0124097589842,16290.0
2011-11-10,0.0096392633094,16220.0
2011-11-11,,16220.0
2011-11-14,,16220.0
2011-11-15,,16220.0
2011-11-16,,16220.0
2011-11-17,0.0645993806507,16220.0
2011-11-18,0.0281060344744,16380.0
2011-11-21,0.0634199048627,16670.0
2011-11-22,0.0938307502416,17050.0
2011-11-23,0.0889820086285,17190.0
2011-11-25,0.13836579824,16620.0
2011-11-28,0.133300863272,16560.0
2011-11-29,0.159664178676,16280.0
2011-11-30,0.146504259508,16440.0
2011-12-01,0.103756063271,16440.0
2011-12-02,0.12058525068,16370.0
2011-12-05,0.114878039289,16490.0
2011-12-06,0.126048778821,16560.0
2011-12-07,0.110585155341,16780.0
2011-12-08,0.0801457563576,17010.0
2011-12-09,0.0944876799688,16740.0
2011-12-12,0.0840482668889,16970.0
2011-12-13,,16970.0
2011-12-14,,16970.0
2011-12-15,,16970.0
2011-12-16,,16970.0
2011-12-19,0.154275952202,16970.0
2011-12-20,0.168004304159,16790.0
2011-12-21,0.164649031589,16800.0
2011-12-22,0.181557007721,16690.0
2011-12-23,0.173333333333,16640.0
2011-12-27,0.173596437129,16520.0
2011-12-28,0.149495442889,16870.0
2011-12-29,0.13754347388,17000.0
2011-12-30,0.112126458951,17190.0
2012-01-03,0.131033332878,17190.0
2012-01-04,0.108032972849,17490.0
2012-01-05,0.0846326277705,17670.0
2012-01-06,0.0783985888381,17900.0
2012-01-09,0.0617651892524,18010.0
2012-01-10,0.058965953961,17770.0
2012-01-11,0.0525322797798,17940.0
2012-01-12,,17940.0
2012-01-13,,17940.0
2012-01-17,,17940.0
2012-01-18,,17940.0
2012-01-19,0.118841908121,17940.0
2012-01-20,0.112862493089,18250.0
2012-01-23,0.10413048228,18070.0
2012-01-24,0.103062305162,18340.0
2012-01-25,0.107818357842,18230.0
2012-01-26,0.111306669816,18300.0
2012-01-27,0.124595175768,18280.0
2012-01-30,0.0981954752567,18400.0
2012-01-31,0.106794224724,18520.0
2012-02-01,0.0717009717939,18520.0
2012-02-02,0.0530128026271,18660.0
2012-02-03,0.0703221200982,18800.0
2012-02-06,0.0854622630718,19380.0
2012-02-07,0.0642538335077,19220.0
2012-02-08,0.0495319511054,19570.0
2012-02-09,0.050384016643,19600.0
2012-02-10,0.0437300018709,19530.0
2012-02-13,,19530.0
2012-02-14,,19530.0
2012-02-15,,19530.0
2012-02-16,,19530.0
2012-02-17,0.196658069491,19530.0
2012-02-21,0.236657707851,19430.0
2012-02-22,0.264990989275,19360.0
2012-02-23,0.21332728153,19250.0
2012-02-24,0.261663223781,18880.0
2012-02-27,0.268326734993,19170.0
2012-02-28,0.228325691155,19350.0
2012-02-29,0.243326666463,19230.0
2012-03-01,0.189429135753,19230.0
2012-03-02,0.166711180531,19580.0
2012-03-05,0.151719605541,19590.0
2012-03-06,0.156008204226,19950.0
2012-03-07,0.14109706639,20060.0
2012-03-08,0.117082483077,20040.0
2012-03-09,0.107050931621,20000.0
2012-03-12,0.10020403018,20190.0
2012-03-13,,20190.0
2012-03-14,,20190.0
2012-03-15,,20190.0
2012-03-16,,20190.0
2012-03-19,0.178643370551,20190.0
2012-03-20,0.186569191494,20560.0
2012-03-21,0.181789666189,20360.0
2012-03-22,0.171647078732,20490.0
2012-03-23,0.168357922247,20450.0
2012-03-26,0.17485911316,20600.0
2012-03-27,0.168148783906,20640.0
2012-03-28,0.161339348081,20770.0
2012-03-29,0.142963292376,20810.0
2012-03-30,0.142985303227,20790.0
2012-04-02,0.101943194388,20790.0
2012-04-03,0.0934797347005,20920.0
2012-04-04,0.104055725218,21060.0
2012-04-05,0.100355508726,20890.0
2012-04-09,0.0920569233587,21060.0
2012-04-10,0.106849449474,21010.0
2012-04-11,0.103695735546,20730.0
2012-04-12,0.106406987239,20660.0
2012-04-13,,20660.0
2012-04-16,,20660.0
2012-04-17,,20660.0
2012-04-18,,20660.0
2012-04-19,0.141072183331,20660.0
2012-04-20,0.145027604574,20500.0
2012-04-23,0.144601169177,20690.0
2012-04-24,0.140354174296,20550.0
2012-04-25,0.129440529327,20410.0
2012-04-26,0.128035078364,20450.0
2012-04-27,0.142251158415,20330.0
2012-04-30,0.148134153856,20210.0
2012-05-01,0.0615479259694,20210.0
2012-05-02,0.0656768418659,20250.0
2012-05-03,0.047482955503,20500.0
2012-05-04,0.0485796341492,20530.0
2012-05-07,0.0438053734431,20600.0
2012-05-08,0.0330957823681,20690.0
2012-05-09,0.0300636338439,20680.0
2012-05-10,0.0228381345724,20610.0
2012-05-11,0.0290959022378,20690.0
2012-05-14,0.0271604421019,20710.0
2012-05-15,,20710.0
2012-05-16,,20710.0
2012-05-17,,20710.0
2012-05-18,,20710.0
2012-05-21,0.0374709772173,20710.0
2012-05-22,0.0329071561854,20820.0
2012-05-23,0.0148987173471,20940.0
2012-05-24,0.0300214139157,20780.0
2012-05-25,0.0313524166144,20810.0
2012-05-29,0.0431190092505,20950.0
2012-05-30,0.0352335167408,20910.0
2012-05-31,0.0295624904824,20970.0
2012-06-01,0.0106381587234,20970.0
2012-06-04,0.00107558758187,20880.0
2012-06-05,-0.00132768789008,20780.0
2012-06-06,-0.00915919818833,21020.0
2012-06-07,-0.0215953698256,21110.0
2012-06-08,-0.0440306528792,21200.0
2012-06-11,-0.0359137903471,21130.0
2012-06-12,-0.0432748465499,21090.0
2012-06-13,,21090.0
2012-06-14,,21090.0
2012-06-15,,21090.0
2012-06-18,,21090.0
2012-06-19,0.00467078736006,21090.0
2012-06-20,0.000219280016066,21430.0
2012-06-21,-0.0367729388314,21530.0
2012-06-22,-0.00804759017176,21410.0
2012-06-25,-0.00667703613721,21500.0
2012-06-26,-0.0102402508075,21570.0
2012-06-27,-0.020239296564,21570.0
2012-06-28,-0.0290319353922,21710.0
2012-06-29,-0.0354678770016,21640.0
2012-07-02,-0.0101489696147,21640.0
2012-07-03,-0.0103490915837,21520.0
2012-07-05,-0.0201813320471,21620.0
2012-07-06,-0.0230641861187,21690.0
2012-07-09,-0.0250973617785,21670.0
2012-07-10,-0.0288965290129,21790.0
2012-07-11,-0.0359458204181,21760.0
2012-07-12,-0.0540441213327,21700.0
2012-07-13,,21700.0
2012-07-16,,21700.0
2012-07-17,,21700.0
2012-07-18,,21700.0
2012-07-19,0.0186355935864,21700.0
2012-07-20,0.0254967516187,21720.0
2012-07-23,0.0119582530402,21870.0
2012-07-24,0.00852770100746,21860.0
2012-07-25,0.00420972090935,21930.0
2012-07-26,0.00303012273085,21980.0
2012-07-27,0.00282447591176,22130.0
2012-07-30,-0.00325733045753,22190.0
2012-07-31,-0.0257121606133,22280.0
2012-08-01,0.00896691899483,22280.0
2012-08-02,9.67642243776e-05,22380.0
2012-08-03,-0.00817682906078,22090.0
2012-08-06,-0.00906385298766,22100.0
2012-08-07,-0.00395131994437,22110.0
2012-08-08,-0.00348356630495,22240.0
2012-08-09,-0.0110474789287,22190.0
2012-08-10,-0.0310458349457,22190.0
2012-08-13,-0.0241429718626,22270.0
2012-08-14,,22270.0
2012-08-15,,22270.0
2012-08-16,,22270.0
2012-08-17,,22270.0
2012-08-20,0.0616962212172,22270.0
2012-08-21,0.0752898973628,22350.0
2012-08-22,0.0615003907193,22210.0
2012-08-23,0.0703554354619,22370.0
2012-08-24,0.0665001568086,22210.0
2012-08-27,0.0668917673065,22330.0
2012-08-28,0.0598664422586,22220.0
2012-08-29,0.0484941463207,22310.0
2012-08-30,0.0274818003676,22510.0
2012-08-31,0.00539184333233,22380.0
2012-09-04,0.0301133886851,22380.0
2012-09-05,0.0160812562916,22470.0
2012-09-06,0.0147922968549,22350.0
2012-09-07,0.0112222666862,22390.0
2012-09-10,0.0149739300825,22460.0
2012-09-11,0.0256840807939,22340.0
2012-09-12,0.0245767478056,22330.0
2012-09-13,,22330.0
2012-09-14,,22330.0
2012-09-17,,22330.0
2012-09-18,,22330.0
2012-09-19,0.0711495813614,22330.0
2012-09-20,0.0600416595918,22580.0
2012-09-21,0.0650190767109,22570.0
2012-09-24,0.0584867274132,22630.0
2012-09-25,0.066886572126,22660.0
2012-09-26,0.0672436843682,22820.0
2012-09-27,0.0721987130554,22800.0
2012-09-28,0.0706660417797,22860.0
2012-10-01,0.0450938175015,22860.0
2012-10-02,0.0412874214732,22910.0
2012-10-03,0.0276752011619,23010.0
2012-10-04,0.038255591393,22850.0
2012-10-05,0.0233529189618,23030.0
2012-10-08,0.026191368135,23040.0
2012-10-09,0.0430286313145,23050.0
2012-10-10,0.0292231879615,23100.0
2012-10-11,0.0270941374188,23170.0
2012-10-12,0.0297391735786,23130.0
2012-10-15,,23130.0
2012-10-16,,23130.0
2012-10-17,,23130.0
2012-10-18,,23130.0
2012-10-19,0.101997759423,23130.0
2012-10-22,0.0943751076358,23280.0
2012-10-23,0.102197386262,23360.0
2012-10-24,0.0986730641032,23390.0
2012-10-25,0.0834196097127,23430.0
2012-10-26,0.051374040248,23490.0
2012-10-29,0.0343907173168,23540.0
2012-10-30,0.0258035490042,23580.0
2012-10-31,0.0225343437885,23570.0
2012-11-01,0.0325764503871,23570.0
2012-11-02,0.0337363821417,23830.0
2012-11-05,0.0236734528903,23850.0
2012-11-06,0.0270281577456,23740.0
2012-11-07,0.0255439550834,23890.0
2012-11-08,0.0176099004876,23870.0
2012-11-09,,23870.0
2012-11-12,,23870.0
2012-11-13,,23870.0
2012-11-14,,23870.0
2012-11-15,0.0629974404725,23870.0
2012-11-16,0.0723764177699,23710.0
2012-11-19,0.0838147069362,23490.0
2012-11-20,0.0894639077449,23900.0
2012-11-21,0.0876665899341,23920.0
2012-11-23,0.09547499874,24000.0
2012-11-26,0.112728317895,23910.0
2012-11-27,0.114263778382,23930.0
2012-11-28,0.108937161291,23980.0
2012-11-29,0.106848253169,23790.0
2012-11-30,0.106848253169,23790.0
2012-12-03,0.113512896643,23790.0
2012-12-04,0.095766743646,23850.0
2012-12-05,0.0874800235617,24020.0
2012-12-06,0.080523166087,24030.0
2012-12-07,0.0734825476441,24020.0
2012-12-10,0.0704411914178,24010.0
2012-12-11,0.0772305005406,23960.0
2012-12-12,,23960.0
2012-12-13,,23960.0
2012-12-14,,23960.0
2012-12-17,,23960.0
2012-12-18,0.133600083284,23960.0
2012-12-19,0.120100820454,23910.0
2012-12-20,0.158764691172,24010.0
2012-12-21,0.147700524993,24190.0
2012-12-24,0.132802555567,24220.0
2012-12-26,0.133533223425,23940.0
2012-12-27,0.130367365775,23990.0
2012-12-28,0.125167240104,23930.0
2012-12-31,0.107966797682,23770.0
2013-01-02,0.0890121416887,23770.0
2013-01-03,0.0890121416887,23770.0
2013-01-04,0.0996632061987,23560.0
2013-01-07,0.089729963538,23600.0
2013-01-08,0.0890121416887,23770.0
2013-01-09,0.0831783771472,23870.0
2013-01-10,0.0877632427481,23620.0
2013-01-11,0.0886469832837,23550.0
2013-01-14,,23550.0
2013-01-15,,23550.0
2013-01-16,,23550.0
2013-01-17,,23550.0
2013-01-18,0.214656731411,23550.0
2013-01-22,0.228044595587,23560.0
2013-01-23,0.265724168843,24050.0
2013-01-24,0.254112635677,24060.0
2013-01-25,0.241680811867,23920.0
2013-01-28,0.223183949837,23890.0
2013-01-29,0.234029609805,23740.0
2013-01-30,0.247636176721,23790.0
2013-01-31,0.219606236043,24150.0
2013-02-01,0.130317997221,24150.0
2013-02-04,0.121107512344,24280.0
2013-02-05,0.11104310047,24320.0
2013-02-06,0.110880909293,24420.0
2013-02-07,0.120555577895,24620.0
2013-02-08,0.126425090982,24700.0
2013-02-11,0.139765538461,24490.0
2013-02-12,,24490.0
2013-02-13,,24490.0
2013-02-14,,24490.0
2013-02-15,,24490.0
2013-02-19,0.208675919726,24490.0
2013-02-20,0.198676207124,24490.0
2013-02-21,0.183294730614,24560.0
2013-02-22,0.188130875486,24590.0
2013-02-25,0.178131214569,24590.0
2013-02-26,0.183512967902,24520.0
2013-02-27,0.187555411706,24390.0
2013-02-28,0.183731193535,24480.0
2013-03-01,0.13746297049,24480.0
2013-03-04,0.136479579723,24490.0
2013-03-05,0.140446308944,24470.0
2013-03-06,0.149230495908,24340.0
2013-03-07,0.158898391162,24140.0
2013-03-08,0.152898451911,24140.0
2013-03-11,0.162765470797,24060.0
2013-03-12,0.14849953594,23900.0
2013-03-13,,23900.0
2013-03-14,,23900.0
2013-03-15,,23900.0
2013-03-18,,23900.0
2013-03-19,0.273035271591,23900.0
2013-03-20,0.266368606108,23900.0
2013-03-21,0.270364166672,24100.0
2013-03-22,0.260937912897,23770.0
2013-03-25,0.285904745603,23760.0
2013-03-26,0.295506932454,23640.0
2013-03-27,0.290506945886,23640.0
2013-03-28,0.295506932454,23640.0
2013-04-01,0.197999231098,23640.0
2013-04-02,0.194999286637,23650.0
2013-04-03,0.195999681323,23760.0
2013-04-04,0.186999893836,23850.0
2013-04-05,0.193999788847,23800.0
2013-04-08,0.193999788847,23800.0
2013-04-09,0.195999681323,23760.0
2013-04-10,0.207999720506,23780.0
2013-04-11,0.204999845052,23830.0
2013-04-12,0.18199997799,24040.0
2013-04-15,,24040.0
2013-04-16,,24040.0
2013-04-17,,24040.0
2013-04-18,,24040.0
2013-04-19,0.236871283107,24040.0
2013-04-22,0.242683778026,24290.0
2013-04-23,0.232943652224,24370.0
2013-04-24,0.256968741303,24070.0
2013-04-25,0.291513224161,23930.0
2013-04-26,0.287756851907,23800.0
2013-04-29,0.300210617205,23530.0
2013-04-30,0.287040443243,23580.0
2013-05-01,0.122350699417,23580.0
2013-05-02,0.125172221999,23470.0
2013-05-03,0.134847082331,23270.0
2013-05-06,0.159040815358,23390.0
2013-05-07,0.1451713916,23470.0
2013-05-08,0.144813998579,23250.0
2013-05-09,0.156154691261,23460.0
2013-05-10,0.151171142481,23470.0
2013-05-13,0.158284539371,23540.0
2013-05-14,,23540.0
2013-05-15,,23540.0
2013-05-16,,23540.0
2013-05-17,,23540.0
2013-05-20,0.27671782653,23540.0
2013-05-21,0.281262566401,23680.0
2013-05-22,0.268555276465,24000.0
2013-05-23,0.278847916142,23910.0
2013-05-24,0.288522223757,24010.0
2013-05-28,0.298456889612,24030.0
2013-05-29,0.301073893884,24250.0
2013-05-30,0.296367074084,24160.0
2013-05-31,0.313918376356,24400.0
2013-06-03,0.166243232564,24400.0
2013-06-04,0.171368520542,24550.0
2013-06-05,0.1792344887,24390.0
2013-06-06,0.189066281003,24190.0
2013-06-07,0.20494756622,24050.0
2013-06-10,0.198074310422,24200.0
2013-06-11,0.197015425253,24130.0
2013-06-12,0.189956806243,24060.0
2013-06-13,,24060.0
2013-06-14,,24060.0
2013-06-17,,24060.0
2013-06-18,,24060.0
2013-06-19,0.29748774668,24060.0
2013-06-20,0.278016678761,23820.0
2013-06-21,0.251638358944,23690.0
2013-06-24,0.237650107028,23230.0
2013-06-25,0.225875598228,23280.0
2013-06-26,0.237584304681,23260.0
2013-06-27,0.221403070536,23040.0
2013-06-28,0.228112337938,23020.0
2013-07-01,-0.00219757874213,23020.0
2013-07-02,-0.00821067758127,22350.0
2013-07-03,0.0296675695495,21960.0
2013-07-05,0.0437115647274,21010.0
2013-07-08,0.0999931668399,21100.0
2013-07-09,0.0953675327198,21050.0
2013-07-10,0.0632932014813,19580.0
2013-07-11,0.036574353339,20760.0
2013-07-12,0.0443475154596,20520.0
2013-07-15,,20520.0
2013-07-16,,20520.0
2013-07-17,,20520.0
2013-07-18,,20520.0
2013-07-19,-0.123803003507,20520.0
2013-07-22,-0.038050380618,21340.0
2013-07-23,-0.0612819138678,21410.0
2013-07-24,-0.0505152698612,22140.0
2013-07-25,0.0449203202202,22620.0
2013-07-26,0.181893514639,22990.0
2013-07-29,0.202060061939,23150.0
2013-07-30,0.184726681786,24030.0
2013-07-31,0.125200668602,22930.0
2013-08-01,-0.0750748010636,22930.0
2013-08-02,-0.0512587344645,23280.0
2013-08-05,-0.0423965061451,23640.0
2013-08-06,-0.0217850427322,23900.0
2013-08-07,-0.00677526609095,24320.0
2013-08-08,-0.0133076077198,24510.0
2013-08-09,-0.0342105821729,23720.0
2013-08-12,0.00355791851015,24050.0
2013-08-13,,24050.0
2013-08-14,,24050.0
2013-08-15,,24050.0
2013-08-16,,24050.0
2013-08-19,0.133227835198,24050.0
2013-08-20,0.208220391793,25100.0
2013-08-21,0.198239422407,25430.0
2013-08-22,0.159900070286,24730.0
2013-08-23,0.209842446932,24210.0
2013-08-26,0.233173273266,24470.0
2013-08-27,0.238117884223,23630.0
2013-08-28,0.24807752169,23190.0
2013-08-29,0.278050722569,23240.0
2013-08-30,0.281427430006,23830.0
2013-09-03,-0.0483054652998,23830.0
2013-09-04,0.0124006046761,24310.0
2013-09-05,-0.0164770145057,23980.0
2013-09-06,-0.0571752753363,23330.0
2013-09-09,-0.116174214744,23490.0
2013-09-10,-0.132573478091,23940.0
2013-09-11,-0.125180560059,24010.0
2013-09-12,-0.129379809781,23800.0
2013-09-13,,23800.0
2013-09-16,,23800.0
2013-09-17,,23800.0
2013-09-18,,23800.0
2013-09-19,-0.067608084713,23800.0
2013-09-20,0.0063153717542,24700.0
2013-09-23,0.0490757260383,25190.0
2013-09-24,0.157030240161,25480.0
2013-09-25,0.178436990539,25710.0
2013-09-26,0.204724609172,26050.0
2013-09-27,0.213301890251,25820.0
2013-09-30,0.237926079263,26160.0
2013-10-01,0.0959568291381,26160.0
2013-10-02,0.0773055489365,25690.0
2013-10-03,0.114942383606,25960.0
2013-10-04,0.107399235652,26070.0
2013-10-07,0.126661991273,26820.0
2013-10-08,0.14200533402,26750.0
2013-10-09,0.121071146467,27140.0
2013-10-10,0.145319219301,27290.0
2013-10-11,0.21007023924,27740.0
2013-10-14,0.205915711454,27570.0
2013-10-15,,27570.0
2013-10-16,,27570.0
2013-10-17,,27570.0
2013-10-18,,27570.0
2013-10-21,0.306705296558,27570.0
2013-10-22,0.303515403236,28120.0
2013-10-23,0.282694555574,27870.0
2013-10-24,0.313437274221,27590.0
2013-10-25,0.307943453408,27440.0
2013-10-28,0.366799040979,27600.0
2013-10-29,0.347558704724,27830.0
2013-10-30,0.327118772295,28710.0
2013-10-31,0.314146348494,28820.0
2013-11-01,0.185190250739,28820.0
2013-11-04,0.199885130562,29010.0
2013-11-05,0.166451188548,29280.0
2013-11-06,0.188901299455,29000.0
2013-11-07,0.163789043783,29070.0
2013-11-08,0.183756744546,29090.0
2013-11-11,0.176740719361,29100.0
2013-11-12,0.166983870425,29570.0
2013-11-13,,29570.0
2013-11-14,,29570.0
2013-11-15,,29570.0
2013-11-18,,29570.0
2013-11-19,0.282992489545,29570.0
2013-11-20,0.258431721685,29730.0
2013-11-21,0.280196085324,29500.0
2013-11-22,0.272741112382,29820.0
2013-11-25,0.246359640592,30000.0
2013-11-26,0.238541480306,30150.0
2013-11-27,0.206468352769,30420.0
2013-11-29,0.193595820884,30360.0
2013-12-02,0.146201383335,30360.0
2013-12-03,0.182933074424,29480.0
2013-12-04,0.202072160921,29310.0
2013-12-05,0.201063999233,29320.0
2013-12-06,0.204039163816,29350.0
2013-12-09,0.189031754561,29360.0
2013-12-10,0.186352266926,28970.0
2013-12-11,0.189130506166,29240.0
2013-12-12,,29240.0
2013-12-13,,29240.0
2013-12-16,,29240.0
2013-12-17,,29240.0
2013-12-18,0.283231490605,29240.0
2013-12-19,0.345893573703,28950.0
2013-12-20,0.380725577571,28880.0
2013-12-23,0.371524209361,29230.0
2013-12-24,0.442125163386,29500.0
2013-12-26,0.415121889711,29350.0
2013-12-27,0.447924091807,29120.0
2013-12-30,0.441412958805,29920.0
2013-12-31,0.415586382674,30290.0
2014-01-02,0.199414023651,30290.0
2014-01-03,0.179885379286,30430.0
2014-01-06,0.173589498153,30640.0
2014-01-07,0.182382127427,30280.0
2014-01-08,0.191119188382,30500.0
2014-01-09,0.195990200735,30760.0
2014-01-10,0.201453729276,30600.0
2014-01-13,,30600.0
2014-01-14,,30600.0
2014-01-15,,30600.0
2014-01-16,,30600.0
2014-01-17,0.271929506316,30600.0
2014-01-21,0.276465918974,30530.0
2014-01-22,0.215778721255,29920.0
2014-01-23,0.129117853205,29160.0
2014-01-24,0.175804026535,29670.0
2014-01-27,0.188722475071,29860.0
2014-01-28,0.184743993223,29510.0
2014-01-29,0.171282784395,29490.0
2014-01-30,0.143451914051,29060.0
2014-01-31,0.0447822182032,28750.0
2014-02-03,0.0159937749148,28750.0
2014-02-04,0.018992479042,28720.0
2014-02-05,0.0319893497522,29010.0
2014-02-06,0.0489861393869,29260.0
2014-02-07,0.0469844550133,29020.0
2014-02-10,0.0249909900935,28880.0
2014-02-11,0.023992406519,29090.0
2014-02-12,,29090.0
2014-02-13,,29090.0
2014-02-14,,29090.0
2014-02-18,,29090.0
2014-02-19,0.0375927568215,29090.0
2014-02-20,0.0916941649143,29290.0
2014-02-21,0.112266398573,29540.0
2014-02-24,0.143788093168,29570.0
2014-02-25,0.149846024573,29710.0
2014-02-26,0.103094641913,29350.0
2014-02-27,0.109411273859,29430.0
2014-02-28,0.14199241216,29600.0
2014-03-03,0.019885835765,29600.0
2014-03-04,0.0377093557113,29850.0
2014-03-05,0.0251203407548,30270.0
2014-03-06,0.0144929251033,30380.0
2014-03-07,0.00912861189233,30270.0
2014-03-10,0.00922934093662,30600.0
2014-03-11,-0.000199935006698,31070.0
2014-03-12,0.0253273891298,31530.0
2014-03-13,,31530.0
2014-03-14,,31530.0
2014-03-17,,31530.0
2014-03-18,,31530.0
2014-03-19,-0.106414909877,31530.0
2014-03-20,-0.0286807364351,32040.0
2014-03-21,-0.00219950142441,32020.0
2014-03-24,0.0114766934403,32060.0
2014-03-25,0.0453099717138,32310.0
2014-03-26,0.0332214968419,32070.0
2014-03-27,0.0418223063789,31910.0
2014-03-28,0.0360399323479,31820.0
2014-03-31,0.0304223393754,31940.0
2014-04-01,0.00140742289929,31940.0
2014-04-02,0.00345459925329,31960.0
2014-04-03,0.0216876932264,32060.0
2014-04-04,0.025253295195,31880.0
2014-04-07,0.0319725884874,32180.0
2014-04-08,0.022230524702,31870.0
2014-04-09,0.00537323584155,31510.0
2014-04-10,-0.0115940653574,31520.0
2014-04-11,-0.0279206906142,31380.0
2014-04-14,,31380.0
2014-04-15,,31380.0
2014-04-16,,31380.0
2014-04-17,,31380.0
2014-04-21,0.0612661595167,31380.0
2014-04-22,0.120000353426,32280.0
2014-04-23,0.107498704752,32540.0
2014-04-24,0.112690770555,32480.0
2014-04-25,0.0972434381024,32620.0
2014-04-28,0.0472112076197,32120.0
2014-04-29,0.0771996282251,32120.0
2014-04-30,0.089849579268,32330.0
2014-05-01,-0.000341336082054,32330.0
2014-05-02,-0.00697286739914,32240.0
2014-05-05,-0.0106460231435,32160.0
2014-05-06,-0.0191948486877,32050.0
2014-05-07,0.00648469462929,31880.0
2014-05-08,0.00567235419476,32080.0
2014-05-09,0.0157492404984,32060.0
2014-05-12,0.0264604640381,32130.0
2014-05-13,,32130.0
2014-05-14,,32130.0
2014-05-15,,32130.0
2014-05-16,,32130.0
2014-05-19,0.0111273083773,32130.0
2014-05-20,0.0473844812047,32220.0
2014-05-21,0.0560023987719,31770.0
2014-05-22,0.0634627174637,31970.0
2014-05-23,0.0475870084178,31790.0
2014-05-27,0.0460081915261,31770.0
2014-05-28,0.0953041993277,32310.0
2014-05-29,0.0831917665613,32030.0
2014-05-30,0.101924412903,32320.0
2014-06-02,0.00812824512318,32320.0
2014-06-03,-0.00692234916974,32390.0
2014-06-04,-0.0048736554963,32330.0
2014-06-05,-0.00102434012323,32510.0
2014-06-06,0.00408070620258,32380.0
2014-06-09,-0.0116297864971,32040.0
2014-06-10,-0.0106386410159,32050.0
2014-06-11,0.00822711071394,32200.0
2014-06-12,0.037497429219,31850.0
2014-06-13,,31850.0
2014-06-16,,31850.0
2014-06-17,,31850.0
2014-06-18,,31850.0
2014-06-19,0.0802292771255,31850.0
2014-06-20,0.0431431815964,31480.0
2014-06-23,0.0572056157915,31760.0
2014-06-24,0.0529107812153,32050.0
2014-06-25,0.021523821141,31970.0
2014-06-26,0.027522236403,32170.0
2014-06-27,0.0336540973389,32330.0
2014-06-30,0.0465503656173,32460.0
2014-07-01,-0.0216286589218,32460.0
2014-07-02,-0.00890618730594,32600.0
2014-07-03,0.00236290537367,32680.0
2014-07-07,0.00163588409797,32760.0
2014-07-08,-0.00308991471033,32620.0
2014-07-09,-0.00981561012465,32920.0
2014-07-10,-0.002181263074,32960.0
2014-07-11,-0.0281762762314,33290.0
2014-07-14,-0.0103621493133,33640.0
2014-07-15,,33640.0
2014-07-16,,33640.0
2014-07-17,,33640.0
2014-07-18,,33640.0
2014-07-21,-0.155217291114,33640.0
2014-07-22,-0.190578693233,33810.0
2014-07-23,-0.291624887223,33550.0
2014-07-24,-0.269037117994,33880.0
2014-07-25,-0.233049883587,34180.0
2014-07-28,-0.270547263859,33810.0
2014-07-29,-0.238048243316,34180.0
2014-07-30,-0.256597595126,34280.0
2014-07-31,-0.158829233065,35280.0
2014-08-01,-0.0794554101774,35280.0
2014-08-04,-0.0629251107821,35360.0
2014-08-05,-0.0173318875652,35750.0
2014-08-06,-0.0205318755506,35870.0
2014-08-07,-0.00439969629395,35890.0
2014-08-08,-0.0106657186449,35700.0
2014-08-11,-0.035196550907,35620.0
2014-08-12,-0.0495956466232,35710.0
2014-08-13,,35710.0
2014-08-14,,35710.0
2014-08-15,,35710.0
2014-08-18,,35710.0
2014-08-19,-0.168550086218,35710.0
2014-08-20,-0.180401495719,35430.0
2014-08-21,-0.177861669688,35310.0
2014-08-22,-0.155217069117,35710.0
2014-08-25,-0.159092282152,35880.0
2014-08-26,-0.169753671924,35780.0
2014-08-27,-0.195480651308,35670.0
2014-08-28,-0.27411206525,35120.0
2014-08-29,-0.355190587052,34450.0
2014-09-02,-0.101900447751,34450.0
2014-09-03,-0.127306487256,33960.0
2014-09-04,-0.112423170467,34140.0
2014-09-05,-0.0719991000169,34430.0
2014-09-08,-0.0906548496767,34500.0
2014-09-09,-0.123342346377,34360.0
2014-09-10,-0.129342253178,34360.0
2014-09-11,-0.128061009893,34010.0
2014-09-12,-0.176451713193,33930.0
2014-09-15,,33930.0
2014-09-16,,33930.0
2014-09-17,,33930.0
2014-09-18,,33930.0
2014-09-19,-0.122307131845,33930.0
2014-09-22,-0.155862399213,34030.0
2014-09-23,-0.191567682001,33600.0
2014-09-24,-0.184889566158,32850.0
2014-09-25,-0.193535676162,32990.0
2014-09-26,-0.225697581154,32470.0
2014-09-29,-0.224166324601,31790.0
2014-09-30,-0.19446231246,32660.0
2014-10-01,-0.0951565485612,32660.0
2014-10-02,-0.116244943808,32090.0
2014-10-03,-0.11321199449,32080.0
2014-10-06,-0.0809875997231,32310.0
2014-10-07,-0.0647277229415,32830.0
2014-10-08,-0.049097666382,33240.0
2014-10-09,-0.0536314337341,33400.0
2014-10-10,-0.0523978779289,33330.0
2014-10-13,-0.0790962405462,33240.0
2014-10-14,,33240.0
2014-10-15,,33240.0
2014-10-16,,33240.0
2014-10-17,,33240.0
2014-10-20,-0.14253248909,33240.0
2014-10-21,-0.126085357745,33140.0
2014-10-22,-0.102934596626,33820.0
2014-10-23,-0.0958525198419,34010.0
2014-10-24,-0.0762494638728,34590.0
2014-10-27,-0.105108156719,34350.0
2014-10-28,-0.10157780779,34440.0
2014-10-29,-0.0549554890903,34420.0
2014-10-30,-0.072981887551,34560.0
2014-10-31,-0.0323464239564,34850.0
2014-11-03,-0.00204878046072,34850.0
2014-11-04,-0.0183902283433,34990.0
2014-11-05,-0.000536584725666,34640.0
2014-11-06,-0.03,34830.0
2014-11-07,-0.0501951113342,34910.0
2014-11-10,-0.0639021499047,35200.0
2014-11-11,-0.0484389725222,35010.0
2014-11-12,-0.0362926656549,34950.0
2014-11-13,,34950.0
2014-11-14,,34950.0
2014-11-17,,34950.0
2014-11-18,,34950.0
2014-11-19,-0.101545164792,34950.0
2014-11-20,-0.0134105959971,34760.0
2014-11-21,0.00896244833052,35100.0
2014-11-24,0.00652314984134,35200.0
2014-11-25,-0.0189402893216,35260.0
2014-11-26,-0.0095253577178,35120.0
2014-11-28,-0.0573388210801,35700.0
2014-12-01,-0.0218987915427,35700.0
2014-12-02,-0.0256127765355,35870.0
2014-12-03,-0.0278986906837,35700.0
2014-12-04,-0.0159829088019,35720.0
2014-12-05,-0.0230247886469,35730.0
2014-12-08,-0.0103191003432,35800.0
2014-12-09,-0.00406715036494,35740.0
2014-12-10,-0.00557959787511,36100.0
2014-12-11,0.00236959767267,36350.0
2014-12-12,,36350.0
2014-12-15,,36350.0
2014-12-16,,36350.0
2014-12-17,,36350.0
2014-12-18,0.0359128934494,36350.0
2014-12-19,0.039572662906,36400.0
2014-12-22,0.00826724620882,36710.0
2014-12-23,0.0142145670785,36600.0
2014-12-24,-0.00728682843294,36880.0
2014-12-26,-0.0275782782805,37090.0
2014-12-29,-0.0261399292169,37310.0
2014-12-30,-0.0292766215128,37340.0
2014-12-31,-0.0621123235214,37670.0
2015-01-02,0.00986645438138,37670.0
2015-01-05,0.00973487865546,37920.0
2015-01-06,0.020223106336,38050.0
2015-01-07,0.00993167848268,37850.0
2015-01-08,0.0363830941995,37890.0
2015-01-09,0.0344479689626,38070.0
2015-01-12,,38070.0
2015-01-13,,38070.0
2015-01-14,,38070.0
2015-01-15,,38070.0
2015-01-16,0.0393484551313,38070.0
2015-01-20,0.0140129148262,38370.0
2015-01-21,-0.0148407512342,38250.0
2015-01-22,-0.0674776533257,38780.0
2015-01-23,-0.0672844584491,39200.0
2015-01-26,-0.0795923135874,39430.0
2015-01-27,-0.0835884185011,39280.0
2015-01-28,-0.0881241315967,39760.0
2015-01-29,-0.099517428504,39820.0
2015-01-30,-0.0953187728041,39640.0
2015-02-02,-0.0110656354412,39640.0
2015-02-03,-0.00794592711496,39590.0
2015-02-04,0.0135981634567,40180.0
2015-02-05,0.0111132438206,39970.0
2015-02-06,0.00058494259326,39780.0
2015-02-09,-0.0266660251959,39480.0
2015-02-10,0.000877332868226,40070.0
2015-02-11,0.0072129697581,40340.0
2015-02-12,,40340.0
2015-02-13,,40340.0
2015-02-17,,40340.0
2015-02-18,,40340.0
2015-02-19,0.126911192532,40340.0
2015-02-20,0.118008036247,41020.0
2015-02-23,0.185296917711,41820.0
2015-02-24,0.18915802422,41660.0
2015-02-25,0.26817545699,41930.0
2015-02-26,0.406702094014,42810.0
2015-02-27,0.456052785078,42980.0
2015-03-02,0.138185520659,42980.0
2015-03-03,0.162331891266,43200.0
2015-03-04,0.130652272269,42290.0
2015-03-05,0.182738814539,42450.0
2015-03-06,0.167927353394,42680.0
2015-03-09,0.136506856877,42110.0
2015-03-10,0.165542482549,42180.0
2015-03-11,0.226826126076,42610.0
2015-03-12,0.273067355414,42990.0
2015-03-13,,42990.0
2015-03-16,,42990.0
2015-03-17,,42990.0
2015-03-18,,42990.0
2015-03-19,0.51451120609,42990.0
2015-03-20,0.504964420347,43060.0
2015-03-23,0.437154187782,42610.0
2015-03-24,0.406414879909,42230.0
2015-03-25,0.405393991977,41810.0
2015-03-26,0.46126128941,41690.0
2015-03-27,0.450171695822,42040.0
2015-03-30,0.461888179219,42310.0
2015-03-31,0.460987860449,42430.0
2015-04-01,0.1930600856,42430.0
2015-04-02,0.156384122698,42240.0
2015-04-06,0.17997622395,41870.0
2015-04-07,0.116169404287,41140.0
2015-04-08,0.16236999395,41630.0
2015-04-09,0.189973139934,41870.0
2015-04-10,0.244054552517,41810.0
2015-04-13,0.237138243729,41760.0
2015-04-14,,41760.0
2015-04-15,,41760.0
2015-04-16,,41760.0
2015-04-17,,41760.0
2015-04-20,0.267410527196,41760.0
2015-04-21,0.310139084637,42020.0
2015-04-22,0.330517898022,42550.0
2015-04-23,0.391718701983,42410.0
2015-04-24,0.446809835515,42970.0
2015-04-27,0.389634503171,42840.0
2015-04-28,0.320782477,42520.0
2015-04-29,0.268830593206,41980.0
2015-04-30,0.218897585779,41590.0
2015-05-01,0.074987965137,41590.0
2015-05-04,0.072988067173,41610.0
2015-05-05,0.0599927937984,41300.0
2015-05-06,0.0559946426578,41100.0
2015-05-07,0.025997689197,41040.0
2015-05-08,0.0249979682165,40970.0
2015-05-11,0.0519951444579,41080.0
2015-05-12,,41080.0
2015-05-13,,41080.0
2015-05-14,,41080.0
2015-05-15,,41080.0
2015-05-18,0.0102422361822,41080.0
2015-05-19,0.0209033875312,41380.0
2015-05-20,0.0206828244236,41280.0
2015-05-21,0.0399539048104,40950.0
2015-05-22,0.0368191765081,41040.0
2015-05-26,0.0187515710497,41160.0
2015-05-27,-0.0119973058981,40820.0
2015-05-28,-0.0137522339349,40780.0
2015-05-29,-0.0039954567127,40670.0
2015-06-01,-0.0471467649246,40670.0
2015-06-02,-0.0421959659356,40700.0
2015-06-03,-0.051637609623,40970.0
2015-06-04,-0.0369490620021,41160.0
2015-06-05,-0.028129550605,41270.0
2015-06-08,-0.0201627542813,41290.0
2015-06-09,0.0120650094421,41150.0
2015-06-10,0.0253433938339,40980.0
2015-06-11,0.0291791201676,41080.0
2015-06-12,0.0322939086114,41010.0
2015-06-15,,41010.0
2015-06-16,,41010.0
2015-06-17,,41010.0
2015-06-18,,41010.0
2015-06-19,0.00166656739392,41010.0
2015-06-22,0.00499965784836,41130.0
2015-06-23,-0.0016665755411,40940.0
2015-06-24,-0.0199989201182,40930.0
2015-06-25,-0.0249987500937,40870.0
2015-06-26,-0.00499971974675,40960.0
2015-06-29,-0.00499970218176,41010.0
2015-06-30,0.00833287199283,40950.0
2015-07-01,-0.0198032853679,40950.0
2015-07-02,-0.0287294847561,40920.0
2015-07-06,-0.0448256168232,40960.0
2015-07-07,-0.0389234949676,41000.0
2015-07-08,-0.0394590476207,41220.0
2015-07-09,-0.0354594902599,41220.0
2015-07-10,-0.0407753112402,41350.0
2015-07-13,-0.0420914850107,41480.0
2015-07-14,,41480.0
2015-07-15,,41480.0
2015-07-16,,41480.0
2015-07-17,,41480.0
2015-07-20,-0.0120569877714,41480.0
2015-07-21,-0.0140499851489,41580.0
2015-07-22,-0.0198001156838,41810.0
2015-07-23,-0.0229369422133,41750.0
2015-07-24,-0.0279033806277,41740.0
2015-07-27,-0.0635162068457,41930.0
2015-07-28,-0.0646936946716,41780.0
2015-07-29,-0.0686824312723,41470.0
2015-07-30,-0.0726996290549,41680.0
2015-07-31,-0.09697278337,41970.0
2015-08-03,0.00529869837271,41970.0
2015-08-04,0.0035492236799,41820.0
2015-08-05,0.0198454492298,41880.0
2015-08-06,0.0253427529209,42180.0
2015-08-07,0.0365891691762,42230.0
2015-08-10,0.0784240043003,42400.0
2015-08-11,0.0897150475336,42660.0
2015-08-12,0.101655776649,42850.0
2015-08-13,,42850.0
2015-08-14,,42850.0
2015-08-17,,42850.0
2015-08-18,,42850.0
2015-08-19,0.107903565894,42850.0
2015-08-20,0.100951354006,42480.0
2015-08-21,0.0902714361781,42240.0
2015-08-24,0.0635135463482,42230.0
2015-08-25,0.0376381452387,42140.0
2015-08-26,0.0888941553738,42610.0
2015-08-27,0.0935936881364,42920.0
2015-08-28,0.112611596733,42650.0
2015-08-31,0.0953630574213,42590.0
2015-09-01,0.0493494078323,42590.0
2015-09-02,0.0324728677671,42620.0
2015-09-03,0.0256751887972,42420.0
2015-09-04,0.0275150130586,42380.0
2015-09-08,0.0292738134342,42570.0
2015-09-09,0.0268736384513,42720.0
2015-09-10,7.99837479296e-05,42520.0
2015-09-11,0.00551877860429,42630.0
2015-09-14,-0.0399935215742,42250.0
2015-09-15,,42250.0
2015-09-16,,42250.0
2015-09-17,,42250.0
2015-09-18,,42250.0
2015-09-21,-0.00154660899126,42250.0
2015-09-22,0.0170556104134,42570.0
2015-09-23,0.0173707364718,42880.0
2015-09-24,-0.0192004350594,42860.0
2015-09-25,-0.0495984992483,42570.0
2015-09-28,-0.0588572471659,42400.0
2015-09-29,-0.049742162735,42220.0
2015-09-30,-0.037281249728,42420.0
2015-10-01,,42420.0
2015-10-02,,42420.0
2015-10-05,,42420.0
2015-10-06,,42420.0
2015-10-07,,42420.0
2015-10-08,,42420.0
2015-10-09,,42420.0
2015-10-12,,42420.0
2015-10-13,,42420.0
2015-10-14,,42420.0
2015-10-15,,42420.0
2015-10-16,,42420.0
2015-10-19,,42420.0
2015-10-20,,42420.0
2015-10-21,,42420.0
2015-10-22,,42420.0
2015-10-23,,42420.0
2015-10-26,,42420.0
2015-10-27,,42420.0
2015-10-28,,42420.0
2015-10-29,,42420.0
2015-10-30,,42420.0
2015-11-02,,42420.0
2015-11-03,,42420.0
2015-11-04,,42420.0
2015-11-05,,42420.0
2015-11-06,,42420.0
2015-11-09,,42420.0
2015-11-10,,42420.0
2015-11-11,,42420.0
2015-11-12,,42420.0
2015-11-13,,42420.0
2015-11-16,,42420.0
2015-11-17,,42420.0
2015-11-18,,42420.0
2015-11-19,,42420.0
2015-11-20,,42420.0
2015-11-23,,42420.0
2015-11-24,,42420.0
2015-11-25,,42420.0
2015-11-27,,42420.0
2015-11-30,,42420.0
2015-12-01,,42420.0
2015-12-02,,42420.0
2015-12-03,,42420.0
2015-12-04,,42420.0
2015-12-07,,42420.0
2015-12-08,,42420.0
2015-12-09,,42420.0
2015-12-10,,42420.0
2015-12-11,,42420.0
2015-12-14,,42420.0
2015-12-15,,42420.0
2015-12-16,,42420.0
2015-12-17,,42420.0
2015-12-18,,42420.0
2015-12-21,,42420.0
2015-12-22,,42420.0
2015-12-23,,42420.0
2015-12-24,,42420.0
2015-12-28,,42420.0
2015-12-29,,42420.0
2015-12-30,,42420.0
2015-12-31,,42420.0
2016-01-04,,42420.0
2016-01-05,,42420.0
2016-01-06,,42420.0
2016-01-07,,42420.0
2016-01-08,,42420.0
2016-01-11,,42420.0
2016-01-12,,42420.0
2016-01-13,,42420.0
2016-01-14,,42420.0
2016-01-15,,42420.0
2016-01-19,,42420.0
2016-01-20,,42420.0
2016-01-21,,42420.0
2016-01-22,,42420.0
2016-01-25,,42420.0
2016-01-26,,42420.0
2016-01-27,,42420.0
2016-01-28,,42420.0
2016-01-29,,42420.0
2016-02-01,,42420.0
2016-02-02,,42420.0
2016-02-03,,42420.0
2016-02-04,,42420.0
2016-02-05,,42420.0
2016-02-08,,42420.0
2016-02-09,,42420.0
2016-02-10,,42420.0
2016-02-11,,42420.0
2016-02-12,,42420.0
2016-02-16,,42420.0
2016-02-17,,42420.0
2016-02-18,,42420.0
2016-02-19,,42420.0
2016-02-22,,42420.0
2016-02-23,,42420.0
2016-02-24,,42420.0
2016-02-25,,42420.0
2016-02-26,,42420.0
2016-02-29,,42420.0
2016-03-01,,42420.0
2016-03-02,,42420.0
2016-03-03,,42420.0
2016-03-04,,42420.0
2016-03-07,,42420.0
2016-03-08,,42420.0
2016-03-09,,42420.0
2016-03-10,,42420.0
2016-03-11,,42420.0
2016-03-14,,42420.0
2016-03-15,,42420.0
2016-03-16,,42420.0
2016-03-17,,42420.0
2016-03-18,,42420.0
2016-03-21,,42420.0
2016-03-22,,42420.0
2016-03-23,,42420.0
2016-03-24,,42420.0
2016-03-28,,42420.0
2016-03-29,,42420.0
2016-03-30,,42420.0
2016-03-31,,42420.0
2016-04-01,,42420.0
2016-04-04,,42420.0
2016-04-05,,42420.0
2016-04-06,,42420.0
2016-04-07,,42420.0
2016-04-08,,42420.0
2016-04-11,,42420.0
2016-04-12,,42420.0
2016-04-13,,42420.0
2016-04-14,,42420.0
2016-04-15,,42420.0
2016-04-18,,42420.0
2016-04-19,,42420.0
2016-04-20,,42420.0
2016-04-21,,42420.0
2016-04-22,,42420.0
2016-04-25,,42420.0
2016-04-26,,42420.0
2016-04-27,,42420.0
2016-04-28,,42420.0
2016-04-29,,42420.0
2016-05-02,,42420.0
2016-05-03,,42420.0
2016-05-04,,42420.0
2016-05-05,,42420.0
2016-05-06,,42420.0
2016-05-09,,42420.0
2016-05-10,,42420.0
2016-05-11,,42420.0
2016-05-12,,42420.0
2016-05-13,,42420.0
2016-05-16,,42420.0
2016-05-17,,42420.0
2016-05-18,,42420.0
2016-05-19,,42420.0
2016-05-20,,42420.0
2016-05-23,,42420.0
2016-05-24,,42420.0
2016-05-25,,42420.0
2016-05-26,,42420.0
2016-05-27,,42420.0
2016-05-31,,42420.0
2016-06-01,,42420.0
2016-06-02,,42420.0
2016-06-03,,42420.0
2016-06-06,,42420.0
2016-06-07,,42420.0
2016-06-08,,42420.0
2016-06-09,,42420.0
2016-06-10,,42420.0
2016-06-13,,42420.0
2016-06-14,,42420.0
2016-06-15,,42420.0
2016-06-16,,42420.0
2016-06-17,,42420.0
2016-06-20,,42420.0
2016-06-21,,42420.0
2016-06-22,,42420.0
2016-06-23,,42420.0
2016-06-24,,42420.0
2016-06-27,,42420.0
2016-06-28,,42420.0
2016-06-29,,42420.0
2016-06-30,,42420.0
2016-07-01,,42420.0
2016-07-05,,42420.0
2016-07-06,,42420.0
2016-07-07,,42420.0
2016-07-08,,42420.0
2016-07-11,,42420.0
2016-07-12,,42420.0
2016-07-13,,42420.0
2016-07-14,,42420.0
2016-07-15,,42420.0
2016-07-18,,42420.0
2016-07-19,,42420.0
2016-07-20,,42420.0
2016-07-21,,42420.0
2016-07-22,,42420.0
2016-07-25,,42420.0
2016-07-26,,42420.0
2016-07-27,,42420.0
2016-07-28,,42420.0
2016-07-29,,42420.0
2016-08-01,,42420.0
2016-08-02,,42420.0
2016-08-03,,42420.0
2016-08-04,,42420.0
2016-08-05,,42420.0
2016-08-08,,42420.0
2016-08-09,,42420.0
2016-08-10,,42420.0
2016-08-11,,42420.0
2016-08-12,,42420.0
2016-08-15,,42420.0
2016-08-16,,42420.0
2016-08-17,,42420.0
2016-08-18,,42420.0
2016-08-19,,42420.0
2016-08-22,,42420.0
2016-08-23,,42420.0
2016-08-24,,42420.0
2016-08-25,,42420.0
2016-08-26,,42420.0
2016-08-29,,42420.0
2016-08-30,,42420.0
2016-08-31,,42420.0
2016-09-01,,42420.0
2016-09-02,,42420.0
2016-09-06,,42420.0
2016-09-07,,42420.0
2016-09-08,,42420.0
2016-09-09,,42420.0
2016-09-12,,42420.0
2016-09-13,,42420.0
2016-09-14,,42420.0
2016-09-15,,42420.0
2016-09-16,,42420.0
2016-09-19,,42420.0
2016-09-20,,42420.0
2016-09-21,,42420.0
2016-09-22,,42420.0
2016-09-23,,42420.0
2016-09-26,,42420.0
2016-09-27,,42420.0
2016-09-28,,42420.0
2016-09-29,,42420.0
2016-09-30,,42420.0
2016-10-03,,42420.0
2016-10-04,,42420.0
2016-10-05,,42420.0
2016-10-06,,42420.0
2016-10-07,,42420.0
2016-10-10,,42420.0
2016-10-11,,42420.0
2016-10-12,,42420.0
2016-10-13,,42420.0
2016-10-14,,42420.0
2016-10-17,,42420.0
2016-10-18,,42420.0
2016-10-19,,42420.0
2016-10-20,,42420.0
2016-10-21,,42420.0
2016-10-24,,42420.0
2016-10-25,,42420.0
2016-10-26,,42420.0
2016-10-27,,42420.0
2016-10-28,,42420.0
2016-10-31,,42420.0
2016-11-01,,42420.0
2016-11-02,,42420.0
2016-11-03,,42420.0
2016-11-04,,42420.0
2016-11-07,,42420.0
2016-11-08,,42420.0
2016-11-09,,42420.0
2016-11-10,,42420.0
2016-11-11,,42420.0
2016-11-14,,42420.0
2016-11-15,,42420.0
2016-11-16,,42420.0
2016-11-17,,42420.0
2016-11-18,,42420.0
2016-11-21,,42420.0
2016-11-22,,42420.0
2016-11-23,,42420.0
2016-11-25,,42420.0
2016-11-28,,42420.0
2016-11-29,,42420.0
2016-11-30,,42420.0
